Router1,Router2,Cost,Capacity
ADILABAD-PE-02,HYDERABAD-PP-02,0.351,10
ADILABAD-PE-02,NAGPUR-PP-03,0.024,10
ADILABAD-PE-02,SECUNDERABAD-PP-01,0.311,10
AGARTALA-PE-02,GUWAHATI-PP-02,0.012,2.5
AGARTALA-PP-01,GUWAHATI-PP-02,0.734666667,15
AGARTALA-PP-01,KOLKATA-PP-04,0.907,10
AGRA-PE-02,AGRA-PP-02,0.958,10
AGRA-PE-02,NEWDELHI-PP-05,0.44,10
AGRA-PE-03,AGRA-PP-02,0.367,10
AGRA-PE-03,NEWDELHI-PP-06,0.251,10
AGRA-PE-04,AGRA-PP-02,0.062272727,110
AGRA-PE-04,NOIDA-PP-02,0,10
AGRA-PP-02,JAIPUR-PP-02,0.009,20
AGRA-PP-02,JHANSI-PP-01,0.358,20
AGRA-PP-02,LUCKNOW-PP-03,0.4875,20
AGRA-PP-02,LUCKNOW-PP-04,0.076,20
AGRA-PP-02,MORADABAD-PP-01,0.21575,40
AGRA-PP-02,NEWDELHI-PP-03,0.638,30
AGRA-PP-02,NEWDELHI-PP-04,0.6128,50
AHMEDABAD-GSMPE-01,AHMEDABAD-PP-02,0.257,100
AHMEDABAD-GSMPE-01,SURAT-PP-01,0,50
AHMEDABAD-GSMPE-02,AHMEDABAD-PP-02,0.1262,100
AHMEDABAD-GSMPE-02,SURAT-PP-01,0,50
AHMEDABAD-GSMPE-03,AHMEDABAD-PP-02,0.038,30
AHMEDABAD-GSMPE-03,SURAT-PP-01,0,10
AHMEDABAD-MCR-01,AHMEDABAD-PP-02,0.0795,20
AHMEDABAD-MCR-02,AHMEDABAD-PP-02,0.09,10
AHMEDABAD-MCR-02,MUMBAI-PP-06,0.019,10
AHMEDABAD-PE-04,AHMEDABAD-PP-02,0.144,20
AHMEDABAD-PE-04,MUMBAI-PP-07,0.063,10
AHMEDABAD-PE-05,AHMEDABAD-PP-02,0.236,10
AHMEDABAD-PE-05,SURAT-PP-01,0.133,10
AHMEDABAD-PE-06,AHMEDABAD-PP-02,0.5195,40
AHMEDABAD-PE-07,AHMEDABAD-PP-02,0.5085,20
AHMEDABAD-PE-07,MUMBAI-PP-07,0.578,10
AHMEDABAD-PE-08,AHMEDABAD-PP-02,0.3477,100
AHMEDABAD-PE-08,SURAT-PP-01,0.001,10
AHMEDABAD-PE-09,AHMEDABAD-PP-02,0.0383,200
AHMEDABAD-PE-09,SURAT-PP-01,0,20
AHMEDABAD-PP-01,AHMEDABAD-PP-02,0.04875,40
AHMEDABAD-PP-02,BHOPAL-PP-02,0.73,10
AHMEDABAD-PP-02,DHULE-PP-01,0.087,10
AHMEDABAD-PP-02,INDORE-PP-02,0.226333333,30
AHMEDABAD-PP-02,JAIPUR-PP-02,0.267,20
AHMEDABAD-PP-02,JODHPUR-PP-02,0.1325,20
AHMEDABAD-PP-02,MUMBAI-PP-04,0.61575,80
AHMEDABAD-PP-02,MUMBAI-PP-05,0.636272727,110
AHMEDABAD-PP-02,NOIDA-PP-02,0.748,10
AHMEDABAD-PP-02,PUNE-PP-03,0.529666667,30
AHMEDABAD-PP-02,PUNE-PP-04,0.105,20
AHMEDABAD-PP-02,RAJKOT-PP-02,0.575,90
AHMEDABAD-PP-02,SURAT-PP-01,0.13725,40
AHMEDABAD-PP-02,UDAIPUR-PP-01,0.03,20
AHMEDNAGAR-PE-01,PUNE-PP-03,0.686,20
AHMEDNAGAR-PE-01,PUNE-PP-04,0.204,10
AHMEDNAGAR-PE-02,DHULE-PP-01,0.001,10
AHMEDNAGAR-PE-02,NAGPUR-PP-04,0.039,10
AHMEDNAGAR-PE-02,PUNE-PP-03,0.413,10
AHMEDNAGAR-PE-02,SOLAPUR-PP-02,0.087,10
AIZAWL-PE-01,GUWAHATI-PP-02,0.667,10
AIZAWL-PE-01,SILIGURI-PP-02,0,2.5
AJMER-PE-02,JAIPUR-PP-02,0.2685,20
AJMER-PE-02,JODHPUR-PP-02,0.1,2.5
AJMER-PE-03,JAIPUR-PP-02,0.523666667,30
AJMER-PE-03,JODHPUR-PP-02,0.104,10
AKOLA-PE-01,DHULE-PP-01,0.198,10
AKOLA-PE-01,NAGPUR-PP-03,0.035,10
ALAPPUZHA-PE-01,CALICUT-PP-02,0.306,10
ALAPPUZHA-PE-01,ERNAKULAM-PP-03,0.5435,20
ALAPPUZHA-PE-02,ERNAKULAM-PP-03,0.520333333,30
ALAPPUZHA-PE-02,TRIVANDRUM-PP-01,0.458,20
ALLAHABAD-PE-02,AGRA-PP-02,0.077,10
ALLAHABAD-PE-02,LUCKNOW-PP-04,0.011,10
ALLAHABAD-PE-02,VARANASI-PP-02,0.07,20
ALLAHABAD-PE-03,JHANSI-PP-01,0,10
ALLAHABAD-PE-03,LUCKNOW-PP-03,0,10
ALLAHABAD-PE-03,LUCKNOW-PP-04,0,10
ALLAHABAD-PE-03,NEWDELHI-PP-05,0.294,10
ALLAHABAD-PE-03,VARANASI-PP-02,0,20
ALMORA-PE-01,DEHRADUN-PP-02,0,10
ALMORA-PE-01,LUCKNOW-PP-04,0,2.5
ALMORA-PE-01,MORADABAD-PP-01,0.036,10
ALWAR-PE-02,AGRA-PP-02,0.535,10
ALWAR-PE-02,JAIPUR-PP-02,0.625,10
ALWAR-PE-02,NEWDELHI-PP-05,0.663,10
ALWAR-PE-03,AGRA-PP-02,0.789,10
ALWAR-PE-03,JAIPUR-PP-02,0.604,10
ALWAR-PE-03,NEWDELHI-PP-05,0.6355,20
AMARAVATI-PE-01,DHULE-PP-01,0.619,10
AMARAVATI-PE-01,NAGPUR-PP-03,0.3995,20
AMARAVATI-PE-02,DHULE-PP-01,0,10
AMARAVATI-PE-02,NAGPUR-PP-03,0.027,10
AMBALA-GSMPE-01,AMBALA-PP-01,0.0181,100
AMBALA-GSMPE-01,CHANDIGARH-PP-03,0,10
AMBALA-GSMPE-01,CHANDIGARH-PP-04,0,10
AMBALA-GSMPE-02,AMBALA-PP-01,0.2621,100
AMBALA-GSMPE-02,CHANDIGARH-PP-03,0,10
AMBALA-MCR-01,AMBALA-PP-01,0,10
AMBALA-PE-02,AMBALA-PP-01,0.003,10
AMBALA-PE-02,CHANDIGARH-PP-03,0.001,10
AMBALA-PE-03,AMBALA-PP-01,0.2345,40
AMBALA-PE-03,CHANDIGARH-PP-03,0.127,10
AMBALA-PE-04,AMBALA-PP-01,0.4327,100
AMBALA-PE-04,CHANDIGARH-PP-04,0.152,10
AMBALA-PP-01,CHANDIGARH-PP-03,0.859,20
AMBALA-PP-01,CHANDIGARH-PP-04,0.4765,20
AMBALA-PP-01,JALANDHAR-PP-02,0.6835,20
AMBALA-PP-01,JAMMU-PP-01,0.907,10
AMBALA-PP-01,NEWDELHI-PP-03,0.448111111,90
AMBALA-PP-01,NEWDELHI-PP-04,0.700777778,90
AMBALA-PP-01,SHIMLA-PP-01,0.2545,20
AMRITSAR-PE-02,CHANDIGARH-PP-03,0.149,10
AMRITSAR-PE-02,JALANDHAR-PP-02,0.101,10
AMRITSAR-PE-03,CHANDIGARH-PP-03,0.363,10
AMRITSAR-PE-03,JALANDHAR-PP-02,0.653333333,30
ANAND-PE-02,AHMEDABAD-PP-02,0.435,10
ANAND-PE-02,SURAT-PP-01,0.169,10
ANAND-PE-03,AHMEDABAD-PP-02,0.4335,20
ANAND-PE-03,SURAT-PP-01,0.009,10
ANANTAPUR-PE-02,BANGALORE-PP-07,0,10
ANANTAPUR-PE-03,BANGALORE-PP-06,0.396,10
ANANTAPUR-PE-03,BANGALORE-PP-07,0.442,10
ANANTAPUR-PE-03,CHENNAI-PP-07,0.427,10
ANANTAPUR-PE-03,KURNOOL-PP-01,0.386666667,30
ANGUL-PE-01,BHUBANESWAR-PP-02,0.034,10
ANGUL-PE-01,CUTTACK-PP-01,0.001,10
ARAH-PE-01,BHAGALPUR-PP-01,0,10
ARAH-PE-01,PATNA-PP-02,0.0565,20
ASANSOL-PE-01,DURGAPUR-PP-02,0.224,10
AURANGABAD-PE-02,DHULE-PP-01,0.159,10
AURANGABAD-PE-02,MUMBAI-PP-06,0.556,10
AURANGABAD-PE-02,PUNE-PP-03,0.289,20
AURANGABAD-PE-03,DHULE-PP-01,0.014,10
AURANGABAD-PE-03,MUMBAI-PP-07,0.16,10
AURANGABAD-PE-03,PUNE-PP-03,0.015,10
AZAMGARH-PE-01,GORAKHPUR-PP-01,0.349,10
AZAMGARH-PE-01,LUCKNOW-PP-04,0,2.5
AZAMGARH-PE-01,VARANASI-PP-02,0.05,10
BALASORE-PE-01,BHUBANESWAR-PP-02,0.049,10
BALASORE-PE-01,CUTTACK-PP-01,0.052,10
BALASORE-PE-01,KOLKATA-PP-06,0.014,10
BALASORE-PE-02,BHUBANESWAR-PP-02,0.511,10
BALASORE-PE-02,CUTTACK-PP-01,0.593,10
BANGALORE-GSMPE-01,BANGALORE-PP-06,0,10
BANGALORE-GSMPE-01,BANGALORE-PP-07,0.1992,100
BANGALORE-GSMPE-02,BANGALORE-PP-06,0,10
BANGALORE-GSMPE-02,BANGALORE-PP-07,0.0366,100
BANGALORE-IGW-04,BANGALORE-IGWPE-04,0.415,300
BANGALORE-IGW-05,BANGALORE-IGWPE-05,0.2406,200
BANGALORE-IGWPE-04,BANGALORE-PP-04,0.543375,240
BANGALORE-IGWPE-05,BANGALORE-PP-05,0.158966667,300
BANGALORE-MCR-01,BANGALORE-PP-06,0.026,30
BANGALORE-MCR-02,BANGALORE-PP-06,0.4455,20
BANGALORE-MCR-02,BANGALORE-PP-07,0.354,20
BANGALORE-PE-02,BANGALORE-PP-07,0,20
BANGALORE-PE-03,BANGALORE-PP-06,0.031,20
BANGALORE-PE-04,BANGALORE-PP-07,0,10
BANGALORE-PE-05,BANGALORE-PP-06,0.285,10
BANGALORE-PE-05,BANGALORE-PP-07,0.571,10
BANGALORE-PE-06,BANGALORE-PP-06,0.4735,20
BANGALORE-PE-06,BANGALORE-PP-07,0.265,10
BANGALORE-PE-07,BANGALORE-PP-06,0.337875,80
BANGALORE-PE-08,BANGALORE-PP-07,0.18575,80
BANGALORE-PE-11,BANGALORE-PP-06,0,40
BANGALORE-PE-12,BANGALORE-PP-07,0.46,60
BANGALORE-PE-13,BANGALORE-PP-06,0.2272,100
BANGALORE-PE-13,BANGALORE-PP-07,0.11,10
BANGALORE-PE-14,BANGALORE-PP-06,0.001,10
BANGALORE-PE-14,BANGALORE-PP-07,0.003,10
BANGALORE-PE-15,BANGALORE-PP-06,0,10
BANGALORE-PE-15,BANGALORE-PP-07,0,10
BANGALORE-PE-16,BANGALORE-PP-06,0.201,10
BANGALORE-PE-16,BANGALORE-PP-07,0.3459,200
BANGALORE-PP-02,BANGALORE-PP-04,0.032333333,30
BANGALORE-PP-03,BANGALORE-PP-05,0.055833333,60
BANGALORE-PP-04,BANGALORE-PP-05,0.18495,200
BANGALORE-PP-04,BANGALORE-PP-06,0.2417,300
BANGALORE-PP-04,CALICUT-PP-02,0.173,40
BANGALORE-PP-04,CHENNAI-PP-04,0.644,100
BANGALORE-PP-04,COIMBATORE-PP-02,0.462,30
BANGALORE-PP-04,ERNAKULAM-PP-02,0.3992,50
BANGALORE-PP-04,HUBLI-PP-01,0.73575,40
BANGALORE-PP-04,HYDERABAD-PP-02,0.406333333,30
BANGALORE-PP-04,KOLKATA-PP-05,0.6015,20
BANGALORE-PP-04,MANGALORE-PP-02,0.587428571,70
BANGALORE-PP-04,MUMBAI-PP-04,0.399,30
BANGALORE-PP-04,NAGPUR-PP-03,0.319833333,60
BANGALORE-PP-04,PANJIM-PP-01,0.089,20
BANGALORE-PP-04,PUNE-PP-03,0.604,30
BANGALORE-PP-04,SECUNDERABAD-PP-01,0.15,30
BANGALORE-PP-04,VIJAYAWADA-PP-02,0.4435,20
BANGALORE-PP-04,VIZAG-PP-02,0.632,10
BANGALORE-PP-05,BANGALORE-PP-07,0.48205,200
BANGALORE-PP-05,CALICUT-PP-02,0.144,30
BANGALORE-PP-05,CHENNAI-PP-05,0.87525,80
BANGALORE-PP-05,COIMBATORE-PP-02,0.583,10
BANGALORE-PP-05,ERNAKULAM-PP-02,0.49675,40
BANGALORE-PP-05,HUBLI-PP-01,0.3165,40
BANGALORE-PP-05,HYDERABAD-PP-02,0.749,20
BANGALORE-PP-05,KURNOOL-PP-01,0.651,20
BANGALORE-PP-05,MADURAI-PP-02,0.696,10
BANGALORE-PP-05,MUMBAI-PP-05,0.5438,50
BANGALORE-PP-05,NAGPUR-PP-04,0.877666667,30
BANGALORE-PP-05,SECUNDERABAD-PP-01,0.462,10
BANGALORE-PP-06,BANGALORE-VRR-02,0,10
BANKURA-PE-01,DURGAPUR-PP-02,0.328,10
BANKURA-PE-01,KOLKATA-PP-06,0.054,10
BAREILLY-PE-01,DEHRADUN-PP-02,0.011,10
BAREILLY-PE-01,LUCKNOW-PP-04,0.111,10
BAREILLY-PE-01,MORADABAD-PP-01,0.12,10
BAREILLY-PE-02,AGRA-PP-02,0.063,10
BAREILLY-PE-02,DEHRADUN-PP-02,0.045,10
BAREILLY-PE-02,LUCKNOW-PP-04,0.484,10
BAREILLY-PE-02,MORADABAD-PP-01,0.477,10
BASTI-PE-01,GORAKHPUR-PP-01,0.083,20
BASTI-PE-01,LUCKNOW-PP-04,0.03,5
BELAPUR-PE-01,MUMBAI-PP-06,0.176083333,120
BELAPUR-PE-01,MUMBAI-PP-07,0.031916667,120
BELAPUR-PE-01,PUNE-PP-04,0,60
BELGAUM-PE-02,HUBLI-PP-01,0.557,10
BELGAUM-PE-02,MANGALORE-PP-02,0.44,10
BELGAUM-PE-03,BANGALORE-PP-07,0.133,10
BELGAUM-PE-03,HUBLI-PP-01,0.180666667,30
BELGAUM-PE-03,HYDERABAD-PP-02,0.005,10
BELLARY-PE-01,HUBLI-PP-01,0.044,10
BELLARY-PE-01,HYDERABAD-PP-02,0.533,10
BELLARY-PE-01,KURNOOL-PP-01,0.548,10
BERHAMPORE-PE-01,DURGAPUR-PP-02,0.523,10
BERHAMPORE-PE-01,KOLKATA-PP-06,0.122,10
BERHAMPUR-PE-01,BHUBANESWAR-PP-02,0.26,10
BERHAMPUR-PE-01,SAMBALPUR-PP-02,0.345,10
BERHAMPUR-PE-02,BHUBANESWAR-PP-02,0.6475,20
BERHAMPUR-PE-02,SAMBALPUR-PP-02,0.438,10
BHAGALPUR-PE-01,BHAGALPUR-PP-01,0.014,20
BHAGALPUR-PE-01,PATNA-PP-02,0,10
BHAGALPUR-PE-03,BHAGALPUR-PP-01,0.381,20
BHAGALPUR-PE-03,PATNA-PP-02,0.244,10
BHAGALPUR-PP-01,DURGAPUR-PP-02,0.019,10
BHAGALPUR-PP-01,KOLKATA-PP-05,0.696666667,30
BHAGALPUR-PP-01,PATNA-PP-02,0.05,20
BHAGALPUR-PP-01,RANCHI-PP-02,0.016,10
BHAGALPUR-PP-01,SILIGURI-PP-02,0.3245,20
BHANDARA-PE-01,NAGPUR-PP-03,0.555,10
BHANDARA-PE-01,NAGPUR-PP-04,0.234,10
BHARUCH-PE-01,AHMEDABAD-PP-02,0,10
BHARUCH-PE-01,SURAT-PP-01,0.289,10
BHATINDA-PE-01,BHATINDA-PP-01,0.409,30
BHATINDA-PE-01,CHANDIGARH-PP-04,0.86,10
BHATINDA-PP-01,CHANDIGARH-PP-03,0.071,20
BHATINDA-PP-01,GURGAON-PP-01,0.138,10
BHATINDA-PP-01,JAIPUR-PP-02,0.01,20
BHATINDA-PP-01,JALANDHAR-PP-02,0,20
BHATINDA-PP-01,NEWDELHI-PP-04,0.758363636,110
BHAVNAGAR-PE-01,AHMEDABAD-PP-02,0.288,10
BHAVNAGAR-PE-01,RAJKOT-PP-02,0.346,15
BHILWARA-PE-01,JAIPUR-PP-02,0.3965,20
BHILWARA-PE-01,UDAIPUR-PP-01,0.094,10
BHOPAL-GSMPE-01,BHOPAL-PP-02,0.0725,20
BHOPAL-GSMPE-01,INDORE-PP-02,0.079,10
BHOPAL-GSMPE-02,BHOPAL-PP-02,0.629,30
BHOPAL-GSMPE-02,INDORE-PP-02,0.0255,20
BHOPAL-PE-02,BHOPAL-PP-02,0.0355,20
BHOPAL-PE-02,INDORE-PP-02,0.002,10
BHOPAL-PE-03,BHOPAL-PP-02,0.185,30
BHOPAL-PE-03,INDORE-PP-02,0.436,10
BHOPAL-PE-04,BHOPAL-PP-02,0.094333333,30
BHOPAL-PE-04,INDORE-PP-02,0.145,10
BHOPAL-PE-05,BHOPAL-PP-02,0.162692308,130
BHOPAL-PE-05,INDORE-PP-02,0.005666667,120
BHOPAL-PE-06,BHOPAL-PP-02,0.0894,100
BHOPAL-PE-06,INDORE-PP-02,0.277,10
BHOPAL-PP-02,INDORE-PP-02,0.463,40
BHOPAL-PP-02,JABALPUR-PP-02,0.2145,20
BHOPAL-PP-02,JHANSI-PP-01,0.002,10
BHOPAL-PP-02,MUMBAI-PP-04,0.642,20
BHOPAL-PP-02,MUMBAI-PP-05,0.346428571,70
BHOPAL-PP-02,NAGPUR-PP-03,0.208166667,60
BHOPAL-PP-02,NEWDELHI-PP-04,0.471,20
BHOPAL-PP-02,RAIPUR-PP-02,0.061,10
BHUBANESWAR-GSMPE-01,BHUBANESWAR-PP-02,0.2934,50
BHUBANESWAR-GSMPE-01,CUTTACK-PP-01,0.0044,50
BHUBANESWAR-GSMPE-02,BHUBANESWAR-PP-02,0.0332,50
BHUBANESWAR-GSMPE-02,CUTTACK-PP-01,0,50
BHUBANESWAR-GSMPE-03,BHUBANESWAR-PP-02,0.04,20
BHUBANESWAR-GSMPE-03,CUTTACK-PP-01,0,20
BHUBANESWAR-PE-03,BHUBANESWAR-PP-02,0.125,20
BHUBANESWAR-PE-04,BHUBANESWAR-PP-02,0.168,20
BHUBANESWAR-PE-05,BHUBANESWAR-PP-02,0,10
BHUBANESWAR-PE-05,CUTTACK-PP-01,0,10
BHUBANESWAR-PE-06,BHUBANESWAR-PP-02,0.2131,100
BHUBANESWAR-PE-06,CUTTACK-PP-01,0.114,10
BHUBANESWAR-PP-02,CHENNAI-PP-04,0.30575,40
BHUBANESWAR-PP-02,CHENNAI-PP-05,0.686666667,30
BHUBANESWAR-PP-02,CUTTACK-PP-01,0.1124,50
BHUBANESWAR-PP-02,KOLKATA-PP-04,0.752,30
BHUBANESWAR-PP-02,KOLKATA-PP-05,0.703666667,30
BHUBANESWAR-PP-02,NAGPUR-PP-03,0.378,10
BHUBANESWAR-PP-02,NAGPUR-PP-04,0.356,10
BHUBANESWAR-PP-02,RAIPUR-PP-02,0.073,10
BHUBANESWAR-PP-02,RANCHI-PP-02,0.324,10
BHUBANESWAR-PP-02,SAMBALPUR-PP-02,0.4895,20
BHUBANESWAR-PP-02,VIZAG-PP-02,0.026,10
BHUJ-PE-01,AHMEDABAD-PP-02,0.1905,20
BHUJ-PE-01,RAJKOT-PP-02,0.320363636,27.5
BHUJ-PE-02,AHMEDABAD-PP-02,0,10
BHUJ-PE-02,RAJKOT-PP-02,0,10
BIJAPUR-PE-01,HUBLI-PP-01,0.272,20
BIJAPUR-PE-01,HYDERABAD-PP-02,0.487,10
BIKANER-PE-01,JAIPUR-PP-02,0.599,10
BIKANER-PE-01,JALANDHAR-PP-02,0.24,10
BIKANER-PE-01,JODHPUR-PP-02,0.024,2.5
BIKANER-PE-02,JAIPUR-PP-02,0.462,20
BIKANER-PE-02,JODHPUR-PP-02,0,10
BILASPUR-PE-02,JABALPUR-PP-02,0.039,10
BILASPUR-PE-02,NAGPUR-PP-04,0.201,10
BILASPUR-PE-02,RAIPUR-PP-02,0.548,10
BILASPUR-PE-03,JABALPUR-PP-02,0.02,10
BILASPUR-PE-03,NAGPUR-PP-04,0.129,10
BILASPUR-PE-03,RAIPUR-PP-02,0.433,10
BIRBHUM-PE-01,BHAGALPUR-PP-01,0,10
BIRBHUM-PE-01,DURGAPUR-PP-02,0,10
BOKARO-PE-01,RANCHI-PP-02,0.005,10
BONGAIGAON-PE-01,GUWAHATI-PP-02,0.675,10
BONGAIGAON-PE-01,SILIGURI-PP-02,0.4248,12.5
BONGAIGAON-PE-02,GUWAHATI-PP-02,0,10
BONGAIGAON-PE-02,SILIGURI-PP-02,0,10
BURDWAN-PE-01,DURGAPUR-PP-02,0.202,10
BURDWAN-PE-01,KOLKATA-PP-06,0.103,10
CALICUT-GSMPE-01,CALICUT-PP-02,0.1758,200
CALICUT-GSMPE-01,ERNAKULAM-PP-03,0,50
CALICUT-GSMPE-02,CALICUT-PP-02,0.08525,200
CALICUT-GSMPE-02,ERNAKULAM-PP-03,0,40
CALICUT-PE-02,CALICUT-PP-02,0.467142857,70
CALICUT-PE-02,ERNAKULAM-PP-03,0.152,10
CALICUT-PE-03,CALICUT-PP-02,0.40295,200
CALICUT-PE-03,ERNAKULAM-PP-03,0,10
CALICUT-PP-02,CHENNAI-PP-04,0.499076923,130
CALICUT-PP-02,CHENNAI-PP-05,0.719642857,140
CALICUT-PP-02,COIMBATORE-PP-02,0.406,10
CALICUT-PP-02,ERNAKULAM-PP-02,0.525666667,30
CALICUT-PP-02,MANGALORE-PP-02,0.371333333,30
CALICUT-PP-02,TRIVANDRUM-PP-01,0.0075,20
CHANDIGARH-GSMPE-03,CHANDIGARH-PP-03,0.45475,40
CHANDIGARH-GSMPE-03,CHANDIGARH-PP-04,0.83775,40
CHANDIGARH-GSMPE-04,CHANDIGARH-PP-03,0.3074,50
CHANDIGARH-GSMPE-04,CHANDIGARH-PP-04,0.8022,50
CHANDIGARH-GSMPE-05,CHANDIGARH-PP-03,0.34325,40
CHANDIGARH-GSMPE-05,CHANDIGARH-PP-04,0.695833333,60
CHANDIGARH-GSMPE-06,CHANDIGARH-PP-03,0.425,50
CHANDIGARH-GSMPE-06,CHANDIGARH-PP-04,0.977,50
CHANDIGARH-GSMPE-07,CHANDIGARH-PP-03,0.1593,100
CHANDIGARH-GSMPE-07,CHANDIGARH-PP-04,0.4073,100
CHANDIGARH-GSMPE-08,CHANDIGARH-PP-03,0.1477,100
CHANDIGARH-GSMPE-08,CHANDIGARH-PP-04,0.0566,100
CHANDIGARH-GSMPE-09,CHANDIGARH-PP-03,0.002,20
CHANDIGARH-GSMPE-09,CHANDIGARH-PP-04,0.079,20
CHANDIGARH-MCR-01,CHANDIGARH-PP-03,0.447,10
CHANDIGARH-MCR-01,CHANDIGARH-PP-04,0.3035,20
CHANDIGARH-PE-01,CHANDIGARH-PP-03,0,10
CHANDIGARH-PE-02,AMBALA-PP-01,0.017,10
CHANDIGARH-PE-02,CHANDIGARH-PP-03,0.032,30
CHANDIGARH-PE-02,CHANDIGARH-PP-04,0.079,20
CHANDIGARH-PE-03,AMBALA-PP-01,0.006,10
CHANDIGARH-PE-03,CHANDIGARH-PP-03,0.0515,20
CHANDIGARH-PE-03,CHANDIGARH-PP-04,0.014,10
CHANDIGARH-PE-05,CHANDIGARH-PP-03,0.27595,200
CHANDIGARH-PE-05,CHANDIGARH-PP-04,0,10
CHANDIGARH-PE-06,CHANDIGARH-PP-03,0.2168,100
CHANDIGARH-PE-06,CHANDIGARH-PP-04,0,10
CHANDIGARH-PP-02,CHANDIGARH-PP-04,0.0504,50
CHANDIGARH-PP-03,CHANDIGARH-PP-04,0.256,210
CHANDIGARH-PP-03,DEHRADUN-PP-02,0.037,20
CHANDIGARH-PP-03,JALANDHAR-PP-02,0.431333333,30
CHANDIGARH-PP-03,JAMMU-PP-01,0.7165,20
CHANDIGARH-PP-03,LUCKNOW-PP-03,0.7835,20
CHANDIGARH-PP-03,MUMBAI-PP-05,0.88,20
CHANDIGARH-PP-03,NEWDELHI-PP-03,0.589727273,220
CHANDIGARH-PP-03,NEWDELHI-PP-04,0.292,20
CHANDIGARH-PP-03,SHIMLA-PP-01,0.6985,20
CHANDIGARH-PP-04,GURGAON-PP-01,0.8145,20
CHANDIGARH-PP-04,JALANDHAR-PP-02,0.382666667,30
CHANDIGARH-PP-04,JAMMU-PP-01,0.1195,20
CHANDIGARH-PP-04,LUCKNOW-PP-04,0.025,20
CHANDIGARH-PP-04,NEWDELHI-PP-04,0.444424242,330
CHANDIGARH-PP-04,SHIMLA-PP-01,0.190333333,30
CHANDRAPUR-PE-01,NAGPUR-PP-03,0.472,10
CHANDRAPUR-PE-01,NAGPUR-PP-04,0.524,10
CHANDRAPUR-PE-02,NAGPUR-PP-03,0.041,10
CHANDRAPUR-PE-02,NAGPUR-PP-04,0,10
CHAPRA-PE-01,GORAKHPUR-PP-01,0.245,10
CHAPRA-PE-01,PATNA-PP-02,0.317,20
CHENNAI-GSMPE-01,CHENNAI-PP-06,0.358333333,30
CHENNAI-GSMPE-01,CHENNAI-PP-07,0.6548,50
CHENNAI-GSMPE-02,CHENNAI-PP-06,0.261333333,30
CHENNAI-GSMPE-02,CHENNAI-PP-07,0.6714,50
CHENNAI-GSMPE-03,CHENNAI-PP-06,0.3427,100
CHENNAI-GSMPE-03,CHENNAI-PP-07,0.3984,100
CHENNAI-GSMPE-04,CHENNAI-PP-06,0,100
CHENNAI-GSMPE-04,CHENNAI-PP-07,0,50
CHENNAI-IGW-04,CHENNAI-IGWPE-04,0.590685714,700
CHENNAI-IGW-05,CHENNAI-IGWPE-05,0.8038875,800
CHENNAI-IGWPE-04,CHENNAI-PP-04,0.5809125,800
CHENNAI-IGWPE-05,CHENNAI-PP-05,0.695293478,920
CHENNAI-IRR-02,CHENNAI-PP-04,0,10
CHENNAI-IRR-02,CHENNAI-PP-05,0,10
CHENNAI-IXP-01,CHENNAI-PP-06,0,20
CHENNAI-MCR-01,CHENNAI-PP-06,0.052,10
CHENNAI-MCR-01,CHENNAI-PP-07,0.0605,20
CHENNAI-MCR-02,CHENNAI-PP-06,0.0015,20
CHENNAI-MCR-02,CHENNAI-PP-07,0.001,20
CHENNAI-PE-02,CHENNAI-PP-07,0,10
CHENNAI-PE-06,CHENNAI-PP-06,0.2705,20
CHENNAI-PE-06,CHENNAI-PP-07,0.517,10
CHENNAI-PE-07,CHENNAI-PP-06,0.323,20
CHENNAI-PE-07,CHENNAI-PP-07,0,10
CHENNAI-PE-08,CHENNAI-PP-06,0,10
CHENNAI-PE-08,CHENNAI-PP-07,0.297,20
CHENNAI-PE-09,CHENNAI-PP-06,0.577333333,30
CHENNAI-PE-09,CHENNAI-PP-07,0.569,20
CHENNAI-PE-11,CHENNAI-PP-06,0.383833333,60
CHENNAI-PE-13,CHENNAI-PP-06,0.000545455,110
CHENNAI-PE-13,CHENNAI-PP-07,0.002,10
CHENNAI-PE-14,CHENNAI-PP-06,0.237,10
CHENNAI-PE-14,CHENNAI-PP-07,0.06825,40
CHENNAI-PE-15,CHENNAI-PP-06,0.563,10
CHENNAI-PE-15,CHENNAI-PP-07,0.051,10
CHENNAI-PE-16,CHENNAI-PP-06,0.381,20
CHENNAI-PE-16,CHENNAI-PP-07,0,10
CHENNAI-PE-17,CHENNAI-PP-06,0.045,10
CHENNAI-PE-17,CHENNAI-PP-07,0.0041,100
CHENNAI-PE-18,CHENNAI-PP-06,0.60335,200
CHENNAI-PE-18,CHENNAI-PP-07,0,10
CHENNAI-PE-19,CHENNAI-PP-06,0.399,10
CHENNAI-PE-19,CHENNAI-PP-07,0.398,10
CHENNAI-PP-04,CHENNAI-PP-05,0.552115385,260
CHENNAI-PP-04,CHENNAI-PP-06,0.434433333,300
CHENNAI-PP-04,COIMBATORE-PP-02,0.733333333,60
CHENNAI-PP-04,CUTTACK-PP-01,0.665,20
CHENNAI-PP-04,ERNAKULAM-PP-02,0.74775,120
CHENNAI-PP-04,GUWAHATI-PP-02,0.8195,60
CHENNAI-PP-04,HYDERABAD-PP-02,0.433,120
CHENNAI-PP-04,KOLKATA-PP-04,0.7337,100
CHENNAI-PP-04,KURNOOL-PP-01,0.2715,20
CHENNAI-PP-04,MADURAI-PP-02,0.6744,50
CHENNAI-PP-04,MANGALORE-PP-02,0,20
CHENNAI-PP-04,MUMBAI-PP-04,0.627,30
CHENNAI-PP-04,NAGPUR-PP-03,0.861666667,30
CHENNAI-PP-04,NEWDELHI-PP-04,0.91,10
CHENNAI-PP-04,PATNA-PP-02,0.755,10
CHENNAI-PP-04,TRICHY-PP-01,0.505833333,120
CHENNAI-PP-04,VIJAYAWADA-PP-02,0.7892,50
CHENNAI-PP-04,VIZAG-PP-02,0.1875,40
CHENNAI-PP-05,CHENNAI-PP-07,0.359,400
CHENNAI-PP-05,COIMBATORE-PP-02,0.567857143,70
CHENNAI-PP-05,ERNAKULAM-PP-02,0.6379,100
CHENNAI-PP-05,KOLKATA-PP-05,0.792833333,60
CHENNAI-PP-05,KURNOOL-PP-01,0.567,20
CHENNAI-PP-05,MADURAI-PP-02,0.804857143,70
CHENNAI-PP-05,MUMBAI-PP-05,0.293333333,30
CHENNAI-PP-05,NAGPUR-PP-04,0.191,20
CHENNAI-PP-05,NEWDELHI-PP-03,0,20
CHENNAI-PP-05,SECUNDERABAD-PP-01,0.3748,50
CHENNAI-PP-05,TRICHY-PP-01,0.406,40
CHENNAI-PP-05,TRIVANDRUM-PP-01,0.6425,60
CHENNAI-PP-05,VIJAYAWADA-PP-02,0.735125,80
CHENNAI-PP-05,VIZAG-PP-02,0.662333333,60
COIMBATORE-PE-03,COIMBATORE-PP-02,0.50175,40
COIMBATORE-PE-03,MADURAI-PP-02,0.058,10
COIMBATORE-PE-04,COIMBATORE-PP-02,0.173,30
COIMBATORE-PE-04,MADURAI-PP-02,0.021,10
COIMBATORE-PE-05,COIMBATORE-PP-02,0.283,100
COIMBATORE-PE-05,TRICHY-PP-01,0,10
COIMBATORE-PP-01,COIMBATORE-PP-02,0.069333333,30
COIMBATORE-PP-02,MADURAI-PP-02,0.0735,20
COIMBATORE-PP-02,TRICHY-PP-01,0.027,20
COIMBATORE-PP-02,TRIVANDRUM-PP-01,0.173333333,30
CUDDALORE-PE-01,CHENNAI-PP-07,0.295,10
CUDDALORE-PE-01,TRICHY-PP-01,0.31,10
CUDDALORE-PE-02,CHENNAI-PP-06,0.597,10
CUDDALORE-PE-02,CHENNAI-PP-07,0.387,10
CUDDALORE-PE-02,COIMBATORE-PP-02,0.564,10
CUDDALORE-PE-02,TRICHY-PP-01,0.5545,20
CUDDAPAH-PE-01,CHENNAI-PP-07,0.258,10
CUDDAPAH-PE-01,KURNOOL-PP-01,0.379,10
CUDDAPAH-PE-01,VIJAYAWADA-PP-02,0.336,10
CUTTACK-PE-01,BHUBANESWAR-PP-02,0.074,10
CUTTACK-PE-01,CUTTACK-PP-01,0.086,10
CUTTACK-PE-03,BHUBANESWAR-PP-02,0,10
CUTTACK-PE-03,CUTTACK-PP-01,0,10
CUTTACK-PE-04,BHUBANESWAR-PP-02,0,30
CUTTACK-PE-04,CUTTACK-PP-01,0.158909091,110
CUTTACK-PP-01,KOLKATA-PP-04,0.7275,20
CUTTACK-PP-01,KOLKATA-PP-05,0.029,10
CUTTACK-PP-01,PATNA-PP-02,0.6045,20
CUTTACK-PP-01,SAMBALPUR-PP-02,0.004,40
CUTTACK-PP-01,VIZAG-PP-02,0.25,20
DALTONGANJ-PE-01,PATNA-PP-02,0.136,10
DALTONGANJ-PE-01,RANCHI-PP-02,0.031,10
DARBHANGA-PE-01,BHAGALPUR-PP-01,0.442,10
DARBHANGA-PE-01,PATNA-PP-02,0.2295,20
DEHRADUN-GSMPE-01,CHANDIGARH-PP-03,0,10
DEHRADUN-GSMPE-01,DEHRADUN-PP-02,0.142,50
DEHRADUN-PE-01,AMBALA-PP-01,0,10
DEHRADUN-PE-01,DEHRADUN-PP-02,0,10
DEHRADUN-PE-02,CHANDIGARH-PP-04,0.013,10
DEHRADUN-PE-02,DEHRADUN-PP-02,0.150333333,30
DEHRADUN-PE-03,CHANDIGARH-PP-03,0.812,10
DEHRADUN-PE-03,DEHRADUN-PP-02,0.2173,100
DEHRADUN-PP-02,LUCKNOW-PP-03,0.194,10
DEHRADUN-PP-02,MORADABAD-PP-01,0.0655,20
DEHRADUN-PP-02,NEWDELHI-PP-04,0.4298,50
DEHRADUN-PP-02,SHIMLA-PP-01,0.681,10
DHANBAD-PE-02,KOLKATA-PP-06,0.794,10
DHANBAD-PE-02,RANCHI-PP-02,0.198,20
DHANBAD-PE-03,DURGAPUR-PP-02,0,10
DHANBAD-PE-03,RANCHI-PP-02,0,10
DHANBAD-PE-04,DURGAPUR-PP-02,0.001,10
DHANBAD-PE-04,KOLKATA-PP-06,0.166,10
DHANBAD-PE-04,PATNA-PP-02,0.016,10
DHANBAD-PE-04,RANCHI-PP-02,0.146,10
DHARAMSHALA-PE-01,CHANDIGARH-PP-04,0,10
DHARAMSHALA-PE-01,JALANDHAR-PP-02,0.238,10
DHARAMSHALA-PE-01,SHIMLA-PP-01,0.692,10
DHARAMSHALA-PE-02,JALANDHAR-PP-02,0,10
DHARAMSHALA-PE-02,SHIMLA-PP-01,0.58,20
DHARMAPURI-PE-01,CHENNAI-PP-07,0.355,20
DHARMAPURI-PE-01,COIMBATORE-PP-02,0.158,10
DHARMAPURI-PE-02,BANGALORE-PP-06,0.456,10
DHARMAPURI-PE-02,CHENNAI-PP-07,0.538,10
DHARMAPURI-PE-02,COIMBATORE-PP-02,0.851,10
DHENKANAL-PE-01,BHUBANESWAR-PP-02,0.244,10
DHENKANAL-PE-01,CUTTACK-PP-01,0.006,10
DHERADUN-GSMPE-01,CHANDIGARH-PP-03,0.3225,20
DHULE-PE-02,DHULE-PP-01,0.315,10
DHULE-PE-02,SURAT-PP-01,0.444,10
DHULE-PE-03,DHULE-PP-01,0.001,20
DHULE-PE-03,MUMBAI-PP-06,0.28,10
DHULE-PE-03,SURAT-PP-01,0.137,10
DHULE-PP-01,INDORE-PP-02,0.145,50
DHULE-PP-01,MUMBAI-PP-04,0.555666667,30
DHULE-PP-01,NAGPUR-PP-03,0.6075,20
DHULE-PP-01,PUNE-PP-04,0.222,10
DHULE-PP-01,SOLAPUR-PP-02,0.0645,20
DHULE-PP-01,SURAT-PP-01,0.133333333,30
DIBRUGARH-PE-01,DIMAPUR-PP-01,0.335,20
DIBRUGARH-PE-01,GUWAHATI-PP-02,0.492,12.5
DIBRUGARH-PE-01,SILIGURI-PP-02,0,2.5
DIMAPUR-PE-02,DIMAPUR-PP-01,0.644,10
DIMAPUR-PE-02,GUWAHATI-PP-02,0,2.5
DIMAPUR-PE-03,DIMAPUR-PP-01,0.031,10
DIMAPUR-PE-03,GUWAHATI-PP-02,0.114,10
DIMAPUR-PP-01,GUWAHATI-PP-02,0.225,20
DIMAPUR-PP-01,KOLKATA-PP-04,0.442,10
DIMAPUR-PP-01,SHILLONG-PP-01,0.202,10
DUMKA-PE-01,BHAGALPUR-PP-01,0.116,10
DUMKA-PE-01,PATNA-PP-02,0.117,10
DUMKA-PE-01,RANCHI-PP-02,0.121,10
DURGAPUR-GSMPE-01,DURGAPUR-PP-02,0,10
DURGAPUR-GSMPE-01,KOLKATA-PP-07,0.097,10
DURGAPUR-MCR-01,DURGAPUR-PP-02,0.011,10
DURGAPUR-PE-01,DURGAPUR-PP-02,0.0045,20
DURGAPUR-PE-02,DURGAPUR-PP-02,0.487333333,30
DURGAPUR-PE-03,DURGAPUR-PP-02,0.536333333,30
DURGAPUR-PE-04,DURGAPUR-PP-02,0.2875,20
DURGAPUR-PE-04,KOLKATA-PP-07,0.658,10
DURGAPUR-PP-02,KOLKATA-PP-04,0.5675,60
DURGAPUR-PP-02,PATNA-PP-02,0.181,10
DURGAPUR-PP-02,RANCHI-PP-02,0.033,10
DURGAPUR-PP-02,SAMBALPUR-PP-02,0.125,10
DURGAPUR-PP-02,SILIGURI-PP-02,0.244,20
DURG-PE-02,NAGPUR-PP-03,0,20
DURG-PE-02,NAGPUR-PP-04,0,10
DURG-PE-02,RAIPUR-PP-02,0.510333333,30
ELURU-PE-02,HYDERABAD-PP-02,0.1145,20
ELURU-PE-02,VIJAYAWADA-PP-02,0.375,20
ELURU-PE-03,VIJAYAWADA-PP-02,0.354,20
ELURU-PE-03,VIZAG-PP-02,0.2865,20
ERNAKULAM-GSMPE-01,CALICUT-PP-02,0.289,30
ERNAKULAM-GSMPE-01,ERNAKULAM-PP-03,0.670333333,60
ERNAKULAM-GSMPE-02,CALICUT-PP-02,0.30575,40
ERNAKULAM-GSMPE-02,ERNAKULAM-PP-03,0.5668,50
ERNAKULAM-GSMPE-03,CALICUT-PP-02,0.712,40
ERNAKULAM-GSMPE-03,ERNAKULAM-PP-03,0.09205,200
ERNAKULAM-GSMPE-04,CALICUT-PP-02,0.0184,50
ERNAKULAM-GSMPE-04,ERNAKULAM-PP-03,0.1692,100
ERNAKULAM-IGW-02,ERNAKULAM-IGWPE-02,0.347866667,300
ERNAKULAM-IGWPE-02,ERNAKULAM-PP-02,0.142917808,730
ERNAKULAM-MCR-01,CALICUT-PP-02,0.258,10
ERNAKULAM-MCR-01,ERNAKULAM-PP-03,0.266666667,30
ERNAKULAM-PE-04,CALICUT-PP-02,0.029,10
ERNAKULAM-PE-04,ERNAKULAM-PP-03,0.1715,20
ERNAKULAM-PE-05,ERNAKULAM-PP-03,0.3584375,160
ERNAKULAM-PE-06,ERNAKULAM-PP-03,0.4654,50
ERNAKULAM-PE-07,CALICUT-PP-02,0,10
ERNAKULAM-PE-07,ERNAKULAM-PP-03,0.401483871,310
ERNAKULAM-PE-08,CALICUT-PP-02,0,30
ERNAKULAM-PE-08,ERNAKULAM-PP-03,0.05125,120
ERNAKULAM-PP-02,ERNAKULAM-PP-03,0.673466667,300
ERNAKULAM-PP-02,MADURAI-PP-02,0.791,10
ERNAKULAM-PP-02,MUMBAI-PP-05,0.86025,40
ERNAKULAM-PP-02,TRIVANDRUM-PP-01,0.501666667,60
ERODE-PE-01,COIMBATORE-PP-02,0.4595,20
ERODE-PE-01,MADURAI-PP-02,0.488,10
ERODE-PE-01,TRICHY-PP-01,0.5,10
ERODE-PE-02,COIMBATORE-PP-02,0.329,10
ERODE-PE-02,MADURAI-PP-02,0.27,10
ERODE-PE-02,TRICHY-PP-01,0.273,10
FAIZABAD-PE-01,GORAKHPUR-PP-01,0,10
FAIZABAD-PE-01,LUCKNOW-PP-03,0.133,10
FAIZABAD-PE-02,GORAKHPUR-PP-01,0,10
FAIZABAD-PE-02,LUCKNOW-PP-03,0.281,20
FAIZABAD-PE-02,VARANASI-PP-02,0.002,10
FARIDABAD-PE-02,AGRA-PP-02,0,10
FARIDABAD-PE-02,NEWDELHI-PP-05,0.142833333,60
FARIDABAD-PE-02,NEWDELHI-PP-06,0,10
FARIDABAD-PE-02,NOIDA-PP-02,0,10
FARIDABAD-PE-03,GURGAON-PP-01,0.397,10
FARIDABAD-PE-03,NEWDELHI-PP-05,0.006,10
FARIDABAD-PE-03,NOIDA-PP-02,0.0075,20
FEROZPUR-PE-02,BHATINDA-PP-01,0.607,20
FEROZPUR-PE-02,JALANDHAR-PP-02,0.3825,20
FEROZPUR-PE-03,BHATINDA-PP-01,0.727,30
FEROZPUR-PE-03,JALANDHAR-PP-02,0.684666667,30
GANDHINAGAR-PE-01,AHMEDABAD-PP-02,0.657,50
GANGTOK-PE-01,BHAGALPUR-PP-01,0,10
GANGTOK-PE-01,KOLKATA-PP-06,0.4035,20
GANGTOK-PE-01,SILIGURI-PP-02,0,10
GARHWAL-PE-01,DEHRADUN-PP-02,0.053,10
GARHWAL-PE-01,MORADABAD-PP-01,0.014,10
GAYA-MCR-01,PATNA-PP-02,0.587,20
GAYA-MCR-01,RANCHI-PP-02,0.207,10
GAYA-PE-01,PATNA-PP-02,0.0925,20
GAYA-PE-01,RANCHI-PP-02,0.014,10
GAYA-PE-02,PATNA-PP-02,0.016,10
GAYA-PE-02,RANCHI-PP-02,0.011,10
GHAZIABAD-PE-02,MORADABAD-PP-01,0.528,5
GHAZIABAD-PE-02,NEWDELHI-PP-05,0.64,10
GHAZIABAD-PE-02,NOIDA-PP-02,0.776,10
GHAZIABAD-PE-03,MORADABAD-PP-01,0.008,10
GHAZIABAD-PE-03,NEWDELHI-PP-06,0.002,10
GODHRA-PE-01,AHMEDABAD-PP-02,0.148,10
GODHRA-PE-01,INDORE-PP-02,0.092,10
GODHRA-PE-01,SURAT-PP-01,0.052,10
GORAKHPUR-PE-02,GORAKHPUR-PP-01,0.674,10
GORAKHPUR-PE-02,VARANASI-PP-02,0,10
GORAKHPUR-PE-03,GORAKHPUR-PP-01,0.0499,100
GORAKHPUR-PE-03,VARANASI-PP-02,0.083,10
GORAKHPUR-PP-01,LUCKNOW-PP-03,0.5435,20
GORAKHPUR-PP-01,LUCKNOW-PP-04,0.104,20
GORAKHPUR-PP-01,PATNA-PP-02,0.001,10
GORAKHPUR-PP-01,VARANASI-PP-02,0.250333333,30
GULBARGA-PE-01,HUBLI-PP-01,0.036,10
GULBARGA-PE-01,HYDERABAD-PP-02,0.39,10
GULBARGA-PE-01,KURNOOL-PP-01,0.231,10
GULBARGA-PE-02,HUBLI-PP-01,0.055,10
GULBARGA-PE-02,KURNOOL-PP-01,0.052,10
GUNA-PE-01,INDORE-PP-02,0,10
GUNA-PE-01,JHANSI-PP-01,0.017,10
GUNTUR-PE-02,CHENNAI-PP-06,0.528,20
GUNTUR-PE-02,HYDERABAD-PP-02,0.360333333,30
GUNTUR-PE-02,VIJAYAWADA-PP-02,0.48875,40
GURGAON-MCR-01,GURGAON-PP-01,0,10
GURGAON-PE-01,GURGAON-PP-01,0,10
GURGAON-PE-02,GURGAON-PP-01,0.246666667,30
GURGAON-PE-02,NEWDELHI-PP-06,0.1545,20
GURGAON-PE-02,NOIDA-PP-02,0.076,10
GURGAON-PE-03,GURGAON-PP-01,0.19915,200
GURGAON-PE-03,NEWDELHI-PP-05,0.414,10
GURGAON-PE-03,NEWDELHI-PP-06,0.819,10
GURGAON-PP-01,JODHPUR-PP-02,0.111,20
GURGAON-PP-01,NEWDELHI-PP-03,0,10
GURGAON-PP-01,NEWDELHI-PP-04,0.570666667,30
GURGAON-PP-01,NOIDA-PP-02,0.4315,20
GURGAON-PP-01,SIKANDRABAD-VSATPE-01,0.08,2.5
GUWAHATI-GSMPE-01,GUWAHATI-PP-02,0.1528,50
GUWAHATI-GSMPE-01,SILIGURI-PP-02,0,50
GUWAHATI-GSMPE-02,GUWAHATI-PP-02,0.0606,50
GUWAHATI-GSMPE-02,SILIGURI-PP-02,0,50
GUWAHATI-PE-03,GUWAHATI-PP-02,0.613,30
GUWAHATI-PE-03,SILIGURI-PP-02,0,12.5
GUWAHATI-PE-04,GUWAHATI-PP-02,0.07975,40
GUWAHATI-PE-04,SILIGURI-PP-02,0.022,10
GUWAHATI-PE-05,GUWAHATI-PP-02,0.170952381,210
GUWAHATI-PE-05,SILIGURI-PP-02,0,10
GUWAHATI-PP-02,GUWAHATI-VRR-01,0,2.5
GUWAHATI-PP-02,KOLKATA-PP-04,0.41,40
GUWAHATI-PP-02,KOLKATA-PP-05,0.632,20
GUWAHATI-PP-02,PATNA-PP-02,0.012,20
GUWAHATI-PP-02,SHILLONG-PP-01,0.5112,12.5
GUWAHATI-PP-02,SILIGURI-PP-02,0.115,20
GWALIOR-MCR-01,AGRA-PP-02,0,10
GWALIOR-MCR-01,BHOPAL-PP-02,0.179,10
GWALIOR-MCR-01,INDORE-PP-02,0.487,10
GWALIOR-MCR-01,JHANSI-PP-01,0.01,10
GWALIOR-PE-02(GUNA),BHOPAL-PP-02,0.074,10
GWALIOR-PE-03,AGRA-PP-02,0.373,10
GWALIOR-PE-03,BHOPAL-PP-02,0.252,10
GWALIOR-PE-03,JABALPUR-PP-02,0.13,10
GWALIOR-PE-03,JHANSI-PP-01,0.1915,20
HALDWANI-PE-01,CHANDIGARH-PP-04,0,10
HALDWANI-PE-02,DEHRADUN-PP-02,0.047,10
HALDWANI-PE-02,MORADABAD-PP-01,0.021,10
HALDWANI-PE-02,NEWDELHI-PP-06,0.02,10
HALDWANI-PE-03,DEHRADUN-PP-02,0.149666667,30
HALDWANI-PE-03,LUCKNOW-PP-04,0.11,10
HALDWANI-PE-03,MORADABAD-PP-01,0.5035,20
HALDWANI-PE-03,NEWDELHI-PP-06,0.305,10
HAMIRPUR-PE-01,JALANDHAR-PP-02,0.059,10
HAMIRPUR-PE-01,SHIMLA-PP-01,0.031,10
HAMIRPUR-PE-02,CHANDIGARH-PP-04,0.8235,20
HAMIRPUR-PE-02,JALANDHAR-PP-02,0.3035,20
HAMIRPUR-PE-02,SHIMLA-PP-01,0.212,20
HARIDWAR-PE-01,DEHRADUN-PP-02,0.801,10
HARIDWAR-PE-01,MORADABAD-PP-01,0.044,2.5
HARIDWAR-PE-02,CHANDIGARH-PP-03,0.015,10
HARIDWAR-PE-02,DEHRADUN-PP-02,0.047,10
HARIDWAR-PE-02,MORADABAD-PP-01,0.008,10
HARIDWAR-PE-02,NOIDA-PP-02,0.513,10
HASSAN-PE-01,BANGALORE-PP-07,0.483,10
HASSAN-PE-01,MANGALORE-PP-02,0,10
HAZARIBAGH-PE-01,BHAGALPUR-PP-01,0,10
HAZARIBAGH-PE-01,KOLKATA-PP-06,0,10
HAZARIBAGH-PE-01,PATNA-PP-02,0,10
HAZARIBAGH-PE-01,RANCHI-PP-02,0.479,10
HISAR-PE-01,AMBALA-PP-01,0.507,10
HISAR-PE-01,BHATINDA-PP-01,0.1705,20
HISAR-PE-02,AMBALA-PP-01,0.325666667,30
HISAR-PE-02,BHATINDA-PP-01,0.095,10
HISAR-PE-02,CHANDIGARH-PP-04,0.624,10
HISAR-PE-02,NEWDELHI-PP-06,0.784666667,30
HOSHANGABAD-PE-01,BHOPAL-PP-02,0,10
HOSHIARPUR-PE-01,CHANDIGARH-PP-03,0.647,10
HOSHIARPUR-PE-01,CHANDIGARH-PP-04,0.646,10
HOSHIARPUR-PE-01,JALANDHAR-PP-02,0.52825,40
HUBLI-PE-02,BANGALORE-PP-07,0,10
HUBLI-PE-02,HUBLI-PP-01,0.280333333,30
HUBLI-PE-03,BANGALORE-PP-07,0.2195,20
HUBLI-PE-03,HUBLI-PP-01,0.1645,100
HUBLI-PP-01,HYDERABAD-PP-02,0.005666667,30
HUBLI-PP-01,KURNOOL-PP-01,0.4865,20
HUBLI-PP-01,MANGALORE-PP-02,0.034,30
HUBLI-PP-01,PANJIM-PP-01,0.002,10
HYDERABAD-CDRPE-01,HYDERABAD-PP-02,0.16,10
HYDERABAD-CDRPE-01,SECUNDERABAD-PP-01,0.003,10
HYDERABAD-CDRPE-02,HYDERABAD-PP-02,0.001,10
HYDERABAD-CDRPE-02,SECUNDERABAD-PP-01,0.009,10
HYDERABAD-GSMPE-01,HYDERABAD-PP-02,0.013,50
HYDERABAD-GSMPE-01,SECUNDERABAD-PP-01,0.006,50
HYDERABAD-GSMPE-02,HYDERABAD-PP-02,0.1826,50
HYDERABAD-GSMPE-02,SECUNDERABAD-PP-01,0.0612,50
HYDERABAD-GSMPE-03,HYDERABAD-PP-02,0.039,20
HYDERABAD-GSMPE-03,SECUNDERABAD-PP-01,0,20
HYDERABAD-MCR-01,HYDERABAD-PP-02,0.132,20
HYDERABAD-MCR-01,SECUNDERABAD-PP-01,0.138,10
HYDERABAD-MCR-02,HYDERABAD-PP-02,0.472,10
HYDERABAD-MCR-02,SECUNDERABAD-PP-01,0.493,10
HYDERABAD-PE-02,HYDERABAD-PP-02,0.0855,20
HYDERABAD-PE-02,SECUNDERABAD-PP-01,0.037,10
HYDERABAD-PE-05,HYDERABAD-PP-02,0.676666667,60
HYDERABAD-PE-05,SECUNDERABAD-PP-01,0.54,10
HYDERABAD-PE-06,HYDERABAD-PP-02,0.2664,50
HYDERABAD-PE-06,SECUNDERABAD-PP-01,0.316,10
HYDERABAD-PE-08,HYDERABAD-PP-02,0.019,10
HYDERABAD-PE-08,SECUNDERABAD-PP-01,0.0004,100
HYDERABAD-PE-09,HYDERABAD-PP-02,0.4051,100
HYDERABAD-PE-09,SECUNDERABAD-PP-01,0,10
HYDERABAD-PE-10,HYDERABAD-PP-02,0.037,10
HYDERABAD-PE-10,SECUNDERABAD-PP-01,0.002,10
HYDERABAD-PE-11,HYDERABAD-PP-02,0.263,10
HYDERABAD-PE-11,SECUNDERABAD-PP-01,0.02,10
HYDERABAD-PE-12,HYDERABAD-PP-02,0.011,10
HYDERABAD-PE-12,SECUNDERABAD-PP-01,0.005,10
HYDERABAD-PP-02,KURNOOL-PP-01,0.418,20
HYDERABAD-PP-02,MUMBAI-PP-04,0.7335,40
HYDERABAD-PP-02,MUMBAI-PP-05,0.3035,40
HYDERABAD-PP-02,NAGPUR-PP-03,0.3235,20
HYDERABAD-PP-02,RAIPUR-PP-02,0.122,30
HYDERABAD-PP-02,SECUNDERABAD-PP-01,0.0084,100
HYDERABAD-PP-02,SOLAPUR-PP-02,0.031,10
HYDERABAD-PP-02,VIJAYAWADA-PP-02,0.343666667,30
HYDERABAD-PP-02,VIZAG-PP-02,0.5535,20
IMPHAL-PE-01,DIMAPUR-PP-01,0.57,10
IMPHAL-PE-01,GUWAHATI-PP-02,0.519,10
IMPHAL-PE-02,DIMAPUR-PP-01,0,10
IMPHAL-PE-02,GUWAHATI-PP-02,0.001,10
INDORE-PE-02,BHOPAL-PP-02,0.133,10
INDORE-PE-02,INDORE-PP-02,0.317333333,30
INDORE-PE-03,BHOPAL-PP-02,0,20
INDORE-PE-03,INDORE-PP-02,0.2159,100
INDORE-PP-02,JABALPUR-PP-02,0.201,10
INDORE-PP-02,JAIPUR-PP-02,0.255,10
INDORE-PP-02,MUMBAI-PP-04,0.552,50
INDORE-PP-02,MUMBAI-PP-05,0.352,40
INDORE-PP-02,SURAT-PP-01,0.227,20
INDORE-PP-02,UDAIPUR-PP-01,0.026,10
ITANAGAR-PE-01,GUWAHATI-PP-02,0,2.5
ITANAGAR-PE-02,DIMAPUR-PP-01,0,10
ITANAGAR-PE-02,GUWAHATI-PP-02,0,10
ITANAGAR-PE-02,KOLKATA-PP-06,0.002,10
JABALPUR-PE-02,INDORE-PP-02,0.224,10
JABALPUR-PE-02,JABALPUR-PP-02,0.5135,20
JABALPUR-PE-03,JABALPUR-PP-02,0.213,30
JABALPUR-PE-04,BHOPAL-PP-02,0.186,10
JABALPUR-PE-04,JABALPUR-PP-02,0.0099,100
JABALPUR-PE-04,NAGPUR-PP-04,0.195,10
JABALPUR-PP-02,LUCKNOW-PP-03,0.055,20
JABALPUR-PP-02,MUMBAI-PP-05,0.423,10
JABALPUR-PP-02,NAGPUR-PP-04,0.406,10
JABALPUR-PP-02,RAIPUR-PP-02,0.0135,20
JABALPUR-PP-02,RANCHI-PP-02,0.121,20
JABALPUR-PP-02,SAMBALPUR-PP-02,0.005,10
JABALPUR-PP-02,VARANASI-PP-02,0.0095,20
JAGDALPUR-PE-01,RAIPUR-PP-02,0.333,10
JAGDALPUR-PE-01,VIZAG-PP-02,0.385,10
JAIPUR-GSMPE-01,JAIPUR-PP-02,0.2193,100
JAIPUR-GSMPE-01,JODHPUR-PP-02,0.0004,50
JAIPUR-GSMPE-02,JAIPUR-PP-02,0.0252,100
JAIPUR-GSMPE-02,JODHPUR-PP-02,0,50
JAIPUR-GSMPE-03,JAIPUR-PP-02,0.141,20
JAIPUR-GSMPE-03,JODHPUR-PP-02,0,20
JAIPUR-MCR-01,JAIPUR-PP-02,0.086,40
JAIPUR-PE-02,JAIPUR-PP-02,0.321833333,60
JAIPUR-PE-03,JAIPUR-PP-02,0.010166667,60
JAIPUR-PE-04,JAIPUR-PP-02,0,50
JAIPUR-PE-05,JAIPUR-PP-02,0.33245,200
JAIPUR-PE-05,JODHPUR-PP-02,0.029,10
JAIPUR-PE-06,JAIPUR-PP-02,0.03035,200
JAIPUR-PE-06,JODHPUR-PP-02,0.008,10
JAIPUR-PP-02,JAIPUR-VRR-01,0.0015,20
JAIPUR-PP-02,JHANSI-PP-01,0.053,10
JAIPUR-PP-02,JODHPUR-PP-02,0.279,30
JAIPUR-PP-02,LUCKNOW-PP-03,0.5475,20
JAIPUR-PP-02,LUCKNOW-PP-04,0.165,20
JAIPUR-PP-02,MUMBAI-PP-04,0.4266,50
JAIPUR-PP-02,MUMBAI-PP-05,0.445,50
JAIPUR-PP-02,NEWDELHI-PP-04,0.71075,200
JAIPUR-PP-02,NOIDA-PP-02,0.344,10
JAIPUR-PP-02,UDAIPUR-PP-01,0.189,20
JALANDHAR-PE-01,JALANDHAR-PP-02,0,20
JALANDHAR-PE-02,JALANDHAR-PP-02,0.8905,20
JALANDHAR-PE-03,JALANDHAR-PP-02,0.005666667,30
JALANDHAR-PE-04,CHANDIGARH-PP-04,0.547,10
JALANDHAR-PE-04,JALANDHAR-PP-02,0.3268,200
JALANDHAR-PE-05,CHANDIGARH-PP-04,0,10
JALANDHAR-PE-05,JALANDHAR-PP-02,0.22755,200
JALANDHAR-PP-02,JAMMU-PP-01,0.562666667,30
JALANDHAR-PP-02,NEWDELHI-PP-03,0.7705,20
JALANDHAR-PP-02,NEWDELHI-PP-04,0.912176471,170
JALANDHAR-PP-02,SHIMLA-PP-01,0.599,20
JALGAON-PE-01,DHULE-PP-01,0.42,10
JALGAON-PE-01,INDORE-PP-02,0.597,10
JALGAON-PE-01,NAGPUR-PP-04,0.757,10
JALPAIGURI-PE-01,SILIGURI-PP-02,0.076,2.5
JAMMU-GSMPE-01,JALANDHAR-PP-02,0.0296,50
JAMMU-PE-02,CHANDIGARH-PP-03,0.058,10
JAMMU-PE-03,CHANDIGARH-PP-04,0.29,10
JAMMU-PE-03,JALANDHAR-PP-02,0,10
JAMMU-PP-01,NOIDA-PP-02,0.1645,20
JAMNAGAR-PE-01,RAJKOT-PP-02,0.1004,25
JAMSHEDPUR-PE-02,DURGAPUR-PP-02,0.445,10
JAMSHEDPUR-PE-02,KOLKATA-PP-06,0.735,20
JAMSHEDPUR-PE-02,RANCHI-PP-02,0.003666667,30
JAMSHEDPUR-PE-03,DURGAPUR-PP-02,0.543,10
JAMSHEDPUR-PE-03,KOLKATA-PP-06,0.4805,20
JAMSHEDPUR-PE-03,RANCHI-PP-02,0.119,20
JHANSI-PE-01,LUCKNOW-PP-04,0,10
JHANSI-PE-02,JHANSI-PP-01,0.456,10
JHANSI-PE-02,LUCKNOW-PP-03,0.271,10
JHANSI-PE-03,JHANSI-PP-01,0.076,10
JHANSI-PE-03,LUCKNOW-PP-03,0.025,10
JHANSI-PP-01,LUCKNOW-PP-03,0.313,10
JHANSI-PP-01,NEWDELHI-PP-04,0.373,10
JHANSI-PP-01,NOIDA-PP-02,0.17,10
JHANSI-PP-01,VARANASI-PP-02,0.034,20
JHUNJHUNU-PE-01,JAIPUR-PP-02,0.102,10
JHUNJHUNU-PE-01,NEWDELHI-PP-05,0.406,10
JODHPUR-PE-02,AGRA-PP-02,0.061,10
JODHPUR-PE-02,JAIPUR-PP-02,0.2725,20
JODHPUR-PE-02,JODHPUR-PP-02,0.923,20
JODHPUR-PE-03,JODHPUR-PP-02,0.1182,100
JODHPUR-PE-03,UDAIPUR-PP-01,0.185,10
JODHPUR-PP-02,MUMBAI-PP-04,0.567,10
JODHPUR-PP-02,NEWDELHI-PP-04,0.558,30
JODHPUR-PP-02,UDAIPUR-PP-01,0.0395,20
JORHAT-PE-01,DIMAPUR-PP-01,0,10
JORHAT-PE-01,GUWAHATI-PP-02,0.396,20
JORHAT-PE-02,DIMAPUR-PP-01,0.453,10
JORHAT-PE-02,GUWAHATI-PP-02,0.109,20
JUNAGADH-PE-01,RAJKOT-PP-02,0.38,32.5
KALYAN-PE-02,MUMBAI-PP-06,0.344,10
KALYAN-PE-02,MUMBAI-PP-07,0.456,10
KALYAN-PE-03,MUMBAI-PP-06,0.01,10
KALYAN-PE-03,MUMBAI-PP-07,0.015,10
KANCHIPURAM-PE-01,CHENNAI-PP-06,0.262,10
KANCHIPURAM-PE-01,CHENNAI-PP-07,0.342,10
KANNUR-PE-01,CALICUT-PP-02,0.626666667,30
KANNUR-PE-01,MANGALORE-PP-02,0.2015,20
KANNUR-PE-02,CALICUT-PP-02,0.7445,40
KANNUR-PE-02,MANGALORE-PP-02,0.655,20
KANPUR-PE-02,AGRA-PP-02,0.004,10
KANPUR-PE-02,JHANSI-PP-01,0.053,10
KANPUR-PE-02,LUCKNOW-PP-03,0.455,10
KANPUR-PE-02,LUCKNOW-PP-04,0.337,10
KANPUR-PE-03,AGRA-PP-02,0.002,10
KANPUR-PE-03,JHANSI-PP-01,0,20
KANPUR-PE-03,LUCKNOW-PP-03,0.0355,20
KANPUR-PE-03,NEWDELHI-PP-06,0.044,10
KARAIKUDI-PE-01,MADURAI-PP-02,0.5715,20
KARAIKUDI-PE-01,TRICHY-PP-01,0.363,10
KARAIKUDI-PE-02,MADURAI-PP-02,0.417,10
KARAIKUDI-PE-02,TRICHY-PP-01,0.161,10
KARIMNAGAR-PE-01,HYDERABAD-PP-02,0.389,10
KARIMNAGAR-PE-01,SECUNDERABAD-PP-01,0.154,10
KARNAL-PE-01,AMBALA-PP-01,0.653,30
KARNAL-PE-01,NEWDELHI-PP-06,0.395,10
KARNAL-PE-02,AMBALA-PP-01,0.651,30
KARNAL-PE-02,CHANDIGARH-PP-03,0.047,10
KARNAL-PE-02,NEWDELHI-PP-05,0.21,10
KARVAR-PE-02,BANGALORE-PP-07,0.544,10
KARVAR-PE-02,HUBLI-PP-01,0.173,20
KARVAR-PE-02,MANGALORE-PP-02,0.733,20
KATIHAR-PE-01,BHAGALPUR-PP-01,0.3465,20
KATIHAR-PE-01,PATNA-PP-02,0.562,10
KATIHAR-PE-01,SILIGURI-PP-02,0.545,10
KHAMMAM-PE-01,HYDERABAD-PP-02,0.458,10
KHAMMAM-PE-01,SECUNDERABAD-PP-01,0.104,10
KHAMMAM-PE-01,VIJAYAWADA-PP-02,0.182,20
KHARAGPUR-PE-02,CUTTACK-PP-01,0.583,10
KHARAGPUR-PE-02,DURGAPUR-PP-02,0.484,10
KHARAGPUR-PE-02,KOLKATA-PP-06,0.251,10
KHARAGPUR-PE-03,CUTTACK-PP-01,0.532,10
KHARAGPUR-PE-03,DURGAPUR-PP-02,0.585,10
KHARAGPUR-PE-03,KOLKATA-PP-06,0,10
KHARAGPUR-PE-03,KOLKATA-PP-07,0.492,10
KOLHAPUR-PE-02,PANJIM-PP-01,0.04,10
KOLHAPUR-PE-02,PUNE-PP-04,0.0515,20
KOLHAPUR-PE-02,SOLAPUR-PP-02,0,10
KOLHAPUR-PE-03,PANJIM-PP-01,0.128,10
KOLHAPUR-PE-03,PUNE-PP-03,0.6125,20
KOLHAPUR-PE-03,SOLAPUR-PP-02,0.248,20
KOLKATA-GSMPE-01,KOLKATA-PP-07,0.616,20
KOLKATA-GSMPE-02,KOLKATA-PP-06,0.6415,20
KOLKATA-GSMPE-03,KOLKATA-PP-06,0.588833333,60
KOLKATA-GSMPE-04,KOLKATA-PP-07,0.53425,40
KOLKATA-GSMPE-05,KOLKATA-PP-06,0.4495,20
KOLKATA-GSMPE-05,KOLKATA-PP-07,0.3312,50
KOLKATA-GSMPE-06,KOLKATA-PP-06,0.1775,20
KOLKATA-GSMPE-06,KOLKATA-PP-07,0,50
KOLKATA-GSMPE-07,KOLKATA-PP-06,0.0105,20
KOLKATA-GSMPE-07,KOLKATA-PP-07,0.111,20
KOLKATA-IGW-03,KOLKATA-IGWPE-03,0.6814,300
KOLKATA-IGW-04,KOLKATA-IGWPE-04,0,200
KOLKATA-IGWPE-03,KOLKATA-PP-04,0.476952381,420
KOLKATA-IGWPE-04,KOLKATA-PP-05,0,200
KOLKATA-MCR-01,KOLKATA-PP-06,0.001,20
KOLKATA-MCR-01,KOLKATA-PP-07,0.018,20
KOLKATA-MCR-02,KOLKATA-PP-05,0.729,20
KOLKATA-MCR-02,KOLKATA-PP-06,0.0075,20
KOLKATA-PE-04,KOLKATA-PP-06,0,10
KOLKATA-PE-06,KOLKATA-PP-06,0.2135,20
KOLKATA-PE-07,KOLKATA-PP-06,0.128,10
KOLKATA-PE-08,KOLKATA-PP-06,0.205,10
KOLKATA-PE-09,KOLKATA-PP-06,0.304571429,70
KOLKATA-PE-10,KOLKATA-PP-06,0.2071,100
KOLKATA-PE-10,KOLKATA-PP-07,0.186,110
KOLKATA-PE-11,KOLKATA-PP-06,0.005727273,110
KOLKATA-PE-11,KOLKATA-PP-07,0.015,10
KOLKATA-PE-12,KOLKATA-PP-06,0.0202,100
KOLKATA-PE-12,KOLKATA-PP-07,0.1119,100
KOLKATA-PE-13,KOLKATA-PP-06,0.114,10
KOLKATA-PE-13,KOLKATA-PP-07,0.5,10
KOLKATA-PP-02,KOLKATA-PP-04,0.203833333,60
KOLKATA-PP-03,KOLKATA-PP-05,0.0462,50
KOLKATA-PP-04,KOLKATA-PP-05,0.41785,200
KOLKATA-PP-04,KOLKATA-PP-06,0.52365,200
KOLKATA-PP-04,KOLKATA-VRR-01,0.001,10
KOLKATA-PP-04,LUCKNOW-PP-03,0.1665,20
KOLKATA-PP-04,MUMBAI-PP-04,0.4495,20
KOLKATA-PP-04,NAGPUR-PP-03,0.452,10
KOLKATA-PP-04,NEWDELHI-PP-04,0.529,20
KOLKATA-PP-04,PATNA-PP-02,0.78425,40
KOLKATA-PP-04,RANCHI-PP-02,0.7805,20
KOLKATA-PP-04,SILIGURI-PP-02,0.282333333,30
KOLKATA-PP-05,KOLKATA-PP-07,0.223933333,300
KOLKATA-PP-05,KOLKATA-VRR-01,0.001,10
KOLKATA-PP-05,MUMBAI-PP-05,0.379,30
KOLKATA-PP-05,NEWDELHI-PP-03,0.655,20
KOLKATA-PP-05,PATNA-PP-02,0.41625,40
KOLKATA-PP-05,RAIPUR-PP-02,0.192,10
KOLKATA-PP-05,SAMBALPUR-PP-02,0.5705,20
KOLKATA-PP-05,SILIGURI-PP-02,0.168,20
KOLLAM-PE-01,ERNAKULAM-PP-03,0.172,10
KOLLAM-PE-01,TRIVANDRUM-PP-01,0.158,10
KOLLAM-PE-02,ERNAKULAM-PP-03,0.625333333,30
KOLLAM-PE-02,TRIVANDRUM-PP-01,0.679,40
KOTA-PE-02,INDORE-PP-02,0.037,10
KOTA-PE-02,JAIPUR-PP-02,0.032,10
KOTA-PE-03,JAIPUR-PP-02,0.3655,20
KOTA-PE-03,NEWDELHI-PP-06,0.62,10
KOTA-PE-03,UDAIPUR-PP-01,0.123,20
KOTTAYAM-PE-01,ERNAKULAM-PP-03,0.7808,50
KOTTAYAM-PE-01,TRIVANDRUM-PP-01,0.423,10
KOTTAYAM-PE-02,ERNAKULAM-PP-03,0.298,10
KOTTAYAM-PE-02,TRIVANDRUM-PP-01,0,10
KUMBAKONAM-MCR-01,CHENNAI-PP-07,0.377,10
KUMBAKONAM-MCR-01,TRICHY-PP-01,0.3415,20
KUMBAKONAM-PE-01,CHENNAI-PP-06,0.913,10
KUMBAKONAM-PE-01,TRICHY-PP-01,0.427,10
KURNOOL-PE-01,HYDERABAD-PP-02,0.012,10
KURNOOL-PE-01,KURNOOL-PP-01,0.0405,20
KURNOOL-PE-01,VIJAYAWADA-PP-02,0.023,10
KURNOOL-PE-02,HYDERABAD-PP-02,0.333,10
KURNOOL-PE-02,KURNOOL-PP-01,0.132,110
KURNOOL-PP-01,SECUNDERABAD-PP-01,0.058,10
KURNOOL-PP-01,VIJAYAWADA-PP-02,0.04,10
LUCKNOW-GSMPE-01,LUCKNOW-PP-03,0.0276,50
LUCKNOW-GSMPE-01,LUCKNOW-PP-04,0,40
LUCKNOW-GSMPE-02,LUCKNOW-PP-03,0.4474,50
LUCKNOW-GSMPE-02,LUCKNOW-PP-04,0.0697,100
LUCKNOW-MCR-01,LUCKNOW-PP-03,0.7695,20
LUCKNOW-MCR-01,LUCKNOW-PP-04,0.388,10
LUCKNOW-PE-01,LUCKNOW-PP-03,0,10
LUCKNOW-PE-01,LUCKNOW-PP-04,0,10
LUCKNOW-PE-02,LUCKNOW-PP-03,0.862,10
LUCKNOW-PE-02,LUCKNOW-PP-04,0.145,30
LUCKNOW-PE-03,LUCKNOW-PP-04,0,2.5
LUCKNOW-PE-04,LUCKNOW-PP-03,0.106,10
LUCKNOW-PE-04,LUCKNOW-PP-04,0,2.5
LUCKNOW-PE-05,LUCKNOW-PP-03,0.2065,20
LUCKNOW-PE-05,LUCKNOW-PP-04,0,10
LUCKNOW-PE-06,LUCKNOW-PP-03,0.1781,100
LUCKNOW-PE-06,LUCKNOW-PP-04,0,10
LUCKNOW-PE-07,LUCKNOW-PP-03,0,10
LUCKNOW-PE-08,LUCKNOW-PP-03,0.026,10
LUCKNOW-PE-08,LUCKNOW-PP-04,0,10
LUCKNOW-PP-03,LUCKNOW-PP-04,0.041214286,140
LUCKNOW-PP-03,MORADABAD-PP-01,0.1415,20
LUCKNOW-PP-03,MUMBAI-PP-05,0.332666667,30
LUCKNOW-PP-03,NAGPUR-PP-03,0.707,30
LUCKNOW-PP-03,NEWDELHI-PP-04,0.6384,50
LUCKNOW-PP-03,NOIDA-PP-02,0.7285,20
LUCKNOW-PP-03,PATNA-PP-02,0.215666667,30
LUCKNOW-PP-03,VARANASI-PP-02,0.142333333,30
LUCKNOW-PP-04,NAGPUR-PP-04,0.558,10
LUCKNOW-PP-04,NEWDELHI-PP-03,0.34925,40
LUCKNOW-PP-04,NOIDA-PP-02,0.088,10
LUCKNOW-PP-04,VARANASI-PP-02,0.141,30
LUDHIANA-PE-02,CHANDIGARH-PP-04,0.343,20
LUDHIANA-PE-02,JALANDHAR-PP-02,0.5245,20
LUDHIANA-PE-03,AMBALA-PP-01,0.2835,20
LUDHIANA-PE-03,CHANDIGARH-PP-03,0.828666667,30
LUDHIANA-PE-03,JALANDHAR-PP-02,0.568,30
MADURAI-PE-02,COIMBATORE-PP-02,0.024,10
MADURAI-PE-02,MADURAI-PP-02,0.1902,50
MADURAI-PE-03,MADURAI-PP-02,0.119,20
MADURAI-PE-03,TRICHY-PP-01,0.108,10
MADURAI-PE-04,MADURAI-PP-02,0.4856,100
MADURAI-PE-04,TRICHY-PP-01,0,10
MADURAI-PP-02,TRICHY-PP-01,0.0065,20
MADURAI-PP-02,TRIVANDRUM-PP-01,0.0035,20
MAHBUBNAGAR-PE-01,HYDERABAD-PP-02,0.003,10
MAHBUBNAGAR-PE-01,KURNOOL-PP-01,0,10
MALDA-PE-01,KOLKATA-PP-06,0.69,10
MALDA-PE-01,SILIGURI-PP-02,0.016,5
MANGALORE-PE-03,BANGALORE-PP-06,0.618,10
MANGALORE-PE-03,MANGALORE-PP-02,0.478,30
MANGALORE-PE-04,BANGALORE-PP-07,0,10
MANGALORE-PE-04,MANGALORE-PP-02,0.0623,100
MANGALORE-PP-02,PANJIM-PP-01,0.05,10
MANJERI-PE-01,CALICUT-PP-02,0.5225,20
MANJERI-PE-01,ERNAKULAM-PP-03,0.447666667,30
MANJERI-PE-02,CALICUT-PP-02,0.60675,40
MANJERI-PE-02,ERNAKULAM-PP-03,0.39875,40
MEERUT-GSMPE-01,MORADABAD-PP-01,0,50
MEERUT-GSMPE-01,NEWDELHI-PP-06,0.2528,50
MEERUT-GSMPE-02,MORADABAD-PP-01,0.0142,50
MEERUT-GSMPE-02,NEWDELHI-PP-06,0,50
MEERUT-PE-02,MORADABAD-PP-01,0.371,10
MEERUT-PE-02,NEWDELHI-PP-05,0.452,10
MEERUT-PE-02,NEWDELHI-PP-06,0.468,10
MEERUT-PE-03,MORADABAD-PP-01,0.3265,20
MEERUT-PE-03,NEWDELHI-PP-05,0,10
MEERUT-PE-03,NEWDELHI-PP-06,0.618,10
MEHSANA-PE-02,AHMEDABAD-PP-02,0.176,20
MEHSANA-PE-03,AHMEDABAD-PP-02,0.251,20
MEHSANA-PE-03,SURAT-PP-01,0.001,10
MIRZAPUR-PE-01,AGRA-PP-02,0.002,10
MIRZAPUR-PE-01,LUCKNOW-PP-04,0.082,10
MIRZAPUR-PE-01,VARANASI-PP-02,0.012,10
MORADABAD-PE-02,MORADABAD-PP-01,0.494,20
MORADABAD-PE-02,NOIDA-PP-02,0.547,10
MORADABAD-PE-03,AGRA-PP-02,0.191,10
MORADABAD-PE-03,LUCKNOW-PP-04,0.099,10
MORADABAD-PE-03,MORADABAD-PP-01,0.0432,100
MORADABAD-PP-01,NEWDELHI-PP-04,0.4954,50
MORADABAD-PP-01,NOIDA-PP-02,0.0705,40
MOTIHARI-PE-01,BHAGALPUR-PP-01,0.155,10
MOTIHARI-PE-01,PATNA-PP-02,0.242,20
MUMBAI-GSMPE-02,MUMBAI-PP-06,0,10
MUMBAI-GSMPE-02,MUMBAI-PP-07,0,50
MUMBAI-IGW-04,MUMBAI-IGWPE-04,0.450487805,410
MUMBAI-IGW-05,MUMBAI-IGWPE-05,0.7343,600
MUMBAI-IGWPE-04,MUMBAI-PP-04,0.30765,600
MUMBAI-IGWPE-05,MUMBAI-PP-05,0.653129032,620
MUMBAI-IRR-02,MUMBAI-PP-04,0,10
MUMBAI-IRR-02,MUMBAI-PP-05,0,10
MUMBAI-PE-01,MUMBAI-PP-06,0,10
MUMBAI-PE-01,MUMBAI-PP-07,0,10
MUMBAI-PE-02,MUMBAI-PP-06,0,10
MUMBAI-PE-02,MUMBAI-PP-07,0,10
MUMBAI-PE-03,MUMBAI-PP-06,0,10
MUMBAI-PE-03,MUMBAI-PP-07,0,10
MUMBAI-PE-05,MUMBAI-PP-06,0.161,10
MUMBAI-PE-05,MUMBAI-PP-07,0.066,40
MUMBAI-PE-06,MUMBAI-PP-06,0.152,20
MUMBAI-PE-06,MUMBAI-PP-07,0.1528,50
MUMBAI-PE-07,MUMBAI-PP-06,0,10
MUMBAI-PE-07,MUMBAI-PP-07,0,10
MUMBAI-PE-08,MUMBAI-PP-06,0.2078,100
MUMBAI-PE-08,MUMBAI-PP-07,0.21,10
MUMBAI-PE-09,MUMBAI-PP-06,0.049,10
MUMBAI-PE-09,MUMBAI-PP-07,0.40175,80
MUMBAI-PE-10,MUMBAI-PP-06,0.1974,100
MUMBAI-PE-10,MUMBAI-PP-07,0,10
MUMBAI-PE-11,MUMBAI-PP-06,0,10
MUMBAI-PE-11,MUMBAI-PP-07,0,100
MUMBAI-PP-02,MUMBAI-PP-04,0.008,80
MUMBAI-PP-04,MUMBAI-PP-05,0.51595,200
MUMBAI-PP-04,MUMBAI-PP-06,0.2409,200
MUMBAI-PP-04,NAGPUR-PP-04,0.551,70
MUMBAI-PP-04,NEWDELHI-PP-04,0.5676,50
MUMBAI-PP-04,PANJIM-PP-01,0.393,60
MUMBAI-PP-04,PUNE-PP-04,0.34925,200
MUMBAI-PP-04,RAIPUR-PP-02,0.298,50
MUMBAI-PP-04,SECUNDERABAD-PP-01,0.303,10
MUMBAI-PP-04,SURAT-PP-01,0.3972,50
MUMBAI-PP-05,MUMBAI-PP-07,0.27325,200
MUMBAI-PP-05,NAGPUR-PP-03,0.44575,80
MUMBAI-PP-05,NEWDELHI-PP-03,0.746,30
MUMBAI-PP-05,PUNE-PP-03,0.5931,300
MUMBAI-PP-05,RAIPUR-PP-02,0.333714286,70
MUMBAI-PP-05,SAMBALPUR-PP-02,0.296,10
MUMBAI-PP-05,SURAT-PP-01,0.412666667,60
MUMBAI-PP-05,UDAIPUR-PP-01,0.447,20
MUZAFFARNAGAR-PE-01,DEHRADUN-PP-02,0.001,10
MUZAFFARNAGAR-PE-01,NEWDELHI-PP-05,0.008,10
MUZAFFARPUR-PE-01,BHAGALPUR-PP-01,0.091,10
MUZAFFARPUR-PE-01,PATNA-PP-02,0.06,10
MUZAFFARPUR-PE-02,BHAGALPUR-PP-01,0.3095,20
MUZAFFARPUR-PE-02,PATNA-PP-02,0.506,20
MYSORE-PE-02,BANGALORE-PP-07,0.187,10
MYSORE-PE-02,COIMBATORE-PP-02,0.081,10
MYSORE-PE-03,BANGALORE-PP-06,0.4085,20
MYSORE-PE-03,BANGALORE-PP-07,0.328,30
MYSORE-PE-03,COIMBATORE-PP-02,0.492,30
NAGAON-PE-01,GUWAHATI-PP-02,0.1515,20
NAGAUR-PE-01,JODHPUR-PP-02,0.08,2.5
NAGERCOIL-PE-01,ERNAKULAM-PP-03,0.4035,20
NAGERCOIL-PE-01,MADURAI-PP-02,0.5905,20
NAGERCOIL-PE-01,TRIVANDRUM-PP-01,0.472,20
NAGERCOIL-PE-02,MADURAI-PP-02,0.787666667,30
NAGERCOIL-PE-02,TRIVANDRUM-PP-01,0.175,10
NAGPUR-GSMPE-01,NAGPUR-PP-03,0.032,50
NAGPUR-GSMPE-01,NAGPUR-PP-04,0.2454,50
NAGPUR-GSMPE-02,NAGPUR-PP-03,0.0684,50
NAGPUR-GSMPE-02,NAGPUR-PP-04,0.0044,50
NAGPUR-MCR-01,NAGPUR-PP-03,0.2765,20
NAGPUR-MCR-01,NAGPUR-PP-04,0.223,20
NAGPUR-PE-02,NAGPUR-PP-03,0.419,20
NAGPUR-PE-02,NAGPUR-PP-04,0.6605,20
NAGPUR-PE-03,NAGPUR-PP-03,0.576,20
NAGPUR-PE-03,NAGPUR-PP-04,0.211666667,30
NAGPUR-PE-04,NAGPUR-PP-03,0.3307,100
NAGPUR-PE-04,NAGPUR-PP-04,0.354,10
NAGPUR-PE-05,NAGPUR-PP-03,0,10
NAGPUR-PE-05,NAGPUR-PP-04,0,100
NAGPUR-PP-01,NAGPUR-PP-03,0.000833333,60
NAGPUR-PP-03,NAGPUR-PP-04,0.181083333,120
NAGPUR-PP-03,NEWDELHI-PP-04,0.482833333,60
NAGPUR-PP-03,PUNE-PP-03,0.5008,50
NAGPUR-PP-03,RAIPUR-PP-02,0.049333333,30
NAGPUR-PP-03,SAMBALPUR-PP-02,0.074,10
NAGPUR-PP-03,SECUNDERABAD-PP-01,0.041,10
NAGPUR-PP-03,SOLAPUR-PP-02,0.262,10
NAGPUR-PP-04,NEWDELHI-PP-03,0.91,10
NAGPUR-PP-04,PUNE-PP-04,0.138,20
NAGPUR-PP-04,SAMBALPUR-PP-02,0.181,10
NANDED-PE-02,MUMBAI-PP-07,0,10
NANDED-PE-02,NAGPUR-PP-03,0.051,10
NANDED-PE-02,PUNE-PP-03,0.212,10
NANDED-PE-02,SOLAPUR-PP-02,0,10
NANDED-PE-03,NAGPUR-PP-03,0.004,10
NANDED-PE-03,NAGPUR-PP-04,0.02,10
NANDED-PE-03,SOLAPUR-PP-02,0.003,10
NASHIK-PE-02,MUMBAI-PP-06,0.314,10
NASHIK-PE-02,MUMBAI-PP-07,0.5535,20
NASHIK-PE-02,PUNE-PP-03,0.198,10
NASHIK-PE-03,DHULE-PP-01,0.539,10
NASHIK-PE-03,MUMBAI-PP-06,0.631,10
NASHIK-PE-03,MUMBAI-PP-07,0.546,10
NELLORE-PE-02,CHENNAI-PP-06,0.057,10
NELLORE-PE-02,CHENNAI-PP-07,0.233,10
NELLORE-PE-02,VIJAYAWADA-PP-02,0.052,10
NELLORE-PE-03,CHENNAI-PP-06,0.828,10
NELLORE-PE-03,CHENNAI-PP-07,0.559,10
NELLORE-PE-03,VIJAYAWADA-PP-02,0.1405,20
NEWDELHI-GSMPE-01,NEWDELHI-PP-05,0,50
NEWDELHI-GSMPE-01,NEWDELHI-PP-06,0.0002,50
NEWDELHI-GSMPE-02,NEWDELHI-PP-05,0,50
NEWDELHI-GSMPE-02,NEWDELHI-PP-06,0,50
NEWDELHI-IGW-03,NEWDELHI-IGWPE-03,0.45855,600
NEWDELHI-IGW-04,NEWDELHI-IGWPE-04,0.7735125,800
NEWDELHI-IGWPE-03,NEWDELHI-PP-03,0.40225,800
NEWDELHI-IGWPE-04,NEWDELHI-PP-04,0.678622222,900
NEWDELHI-IRR-01,GURGAON-PP-01,0,2.5
NEWDELHI-PE-01,NEWDELHI-PP-06,0,10
NEWDELHI-PE-02,GURGAON-PP-02,0,2.5
NEWDELHI-PE-02,NEWDELHI-PP-05,0,10
NEWDELHI-PE-02,NEWDELHI-PP-06,0.3595,40
NEWDELHI-PE-03,NEWDELHI-PP-05,0.244333333,60
NEWDELHI-PE-03,NEWDELHI-PP-06,0.239,10
NEWDELHI-PE-04,NEWDELHI-PP-06,0.405636364,110
NEWDELHI-PE-05,NEWDELHI-PP-05,0.009,10
NEWDELHI-PE-05,NEWDELHI-PP-06,0.17605,200
NEWDELHI-PE-06,NEWDELHI-PP-05,0,100
NEWDELHI-PE-06,NEWDELHI-PP-06,0.001,10
NEWDELHI-PP-01,NEWDELHI-PP-04,0.014,40
NEWDELHI-PP-03,NEWDELHI-PP-04,0.3058125,320
NEWDELHI-PP-03,NEWDELHI-PP-05,0.283066667,300
NEWDELHI-PP-03,NOIDA-PP-02,0.242,20
NEWDELHI-PP-03,PATNA-PP-02,0.676,20
NEWDELHI-PP-03,VARANASI-PP-02,0.533,50
NEWDELHI-PP-04,NEWDELHI-PP-06,0.4321,200
NEWDELHI-PP-04,NOIDA-PP-02,0.376,40
NEWDELHI-PP-04,PATNA-PP-02,0.468,20
NEWDELHI-PP-04,UDAIPUR-PP-01,0.6025,20
NEWDELHI-PP-04,VARANASI-PP-02,0.358,30
NIZAMABAD-PE-02,HYDERABAD-PP-02,0.2135,20
NIZAMABAD-PE-02,SECUNDERABAD-PP-01,0.097,10
NOIDA-PE-02,NEWDELHI-PP-05,0.479,10
NOIDA-PE-02,NOIDA-PP-02,0.036666667,30
NOIDA-PE-03,GURGAON-PP-01,0,10
NOIDA-PE-03,NEWDELHI-PP-06,0,10
NOIDA-PE-04,NOIDA-PP-02,0.345,20
NOIDA-PE-06,NEWDELHI-PP-06,0.224,10
NOIDA-PE-06,NOIDA-PP-02,0.011636364,110
NOIDA-PP-02,NOIDA-VRR-02,0.001,20
ONGOLE-PE-01,CHENNAI-PP-06,0,10
ONGOLE-PE-01,VIJAYAWADA-PP-02,0,10
OOTY-PE-01,COIMBATORE-PP-02,0.796,10
PALGHAT-PE-02,COIMBATORE-PP-02,0.203,20
PALGHAT-PE-02,ERNAKULAM-PP-03,0.845333333,30
PALGHAT-PE-03,COIMBATORE-PP-02,0.913,10
PALGHAT-PE-03,ERNAKULAM-PP-03,0.589,20
PANJIM-PE-02,PANJIM-PP-01,0.327,30
PANJIM-PE-03,PANJIM-PP-01,0.526,50
PANJIM-PE-03,PUNE-PP-04,0.3295,20
PANJIM-PP-01,PUNE-PP-03,0.7212,50
PANJIM-PP-01,PUNE-PP-04,0.044,20
PANJIM-PP-01,SOLAPUR-PP-02,0.395,10
PATANCHERU-PE-01,HYDERABAD-PP-02,0.014,10
PATANCHERU-PE-01,SECUNDERABAD-PP-01,0.031,10
PATHANKOT-PE-01,CHANDIGARH-PP-04,0.7025,20
PATHANKOT-PE-01,JALANDHAR-PP-02,0.589,10
PATIALA-PE-02,BHATINDA-PP-01,0.375666667,30
PATIALA-PE-02,CHANDIGARH-PP-04,0.499666667,30
PATIALA-PE-03,BHATINDA-PP-01,0.5875,20
PATIALA-PE-03,CHANDIGARH-PP-03,0.561,20
PATNA-GSMPE-01,PATNA-PP-02,0.249,50
PATNA-GSMPE-01,RANCHI-PP-02,0,50
PATNA-GSMPE-02,PATNA-PP-02,0.0468,50
PATNA-GSMPE-02,RANCHI-PP-02,0,50
PATNA-PE-02,BHAGALPUR-PP-01,0.002,10
PATNA-PE-02,PATNA-PP-02,0.0045,20
PATNA-PE-03,PATNA-PP-02,0.069333333,30
PATNA-PE-03,RANCHI-PP-02,0,10
PATNA-PE-04,PATNA-PP-02,0.004,20
PATNA-PE-04,RANCHI-PP-02,0,10
PATNA-PE-05,PATNA-PP-02,0,40
PATNA-PE-06,PATNA-PP-02,0.010272727,110
PATNA-PE-06,RANCHI-PP-02,0,10
PATNA-PE-07,PATNA-PP-02,0.2927,100
PATNA-PE-07,RANCHI-PP-02,0.028,10
PATNA-PP-02,PATNA-VRR-01,0.001,20
PATNA-PP-02,RANCHI-PP-02,0.3545,20
PATNA-PP-02,SILIGURI-PP-02,0.4805,20
PATNA-PP-02,VARANASI-PP-02,0.024,30
PONDICHERRY-PE-02,CHENNAI-PP-06,0.852,10
PONDICHERRY-PE-02,CHENNAI-PP-07,0.462,20
PONDICHERRY-PE-02,TRICHY-PP-01,0.2425,20
PONDICHERRY-PE-03,CHENNAI-PP-06,0.75,10
PONDICHERRY-PE-03,CHENNAI-PP-07,0.2975,20
PONDICHERRY-PE-03,COIMBATORE-PP-02,0.111,10
PONDICHERRY-PE-03,TRICHY-PP-01,0.197,10
PORTBLAIR-PE-01,CHENNAI-PP-06,0.929,10
PORTBLAIR-PE-01,CHENNAI-PP-07,0.721,10
PORTBLAIR-PE-02,CHENNAI-PP-06,0.675,10
PORTBLAIR-PE-02,CHENNAI-PP-07,0.904,10
PORTBLAIR-PE-03,CHENNAI-PP-06,0.878,10
PORTBLAIR-PE-03,CHENNAI-PP-07,0,10
PUNE-GSMPE-01,PUNE-PP-03,0.489916667,120
PUNE-GSMPE-02,PUNE-PP-03,0,10
PUNE-GSMPE-02,PUNE-PP-04,0.3427,100
PUNE-GSMPE-03,PUNE-PP-03,0.054083333,120
PUNE-GSMPE-03,PUNE-PP-04,0,40
PUNE-GSMPE-04,PUNE-PP-03,0.24975,120
PUNE-GSMPE-04,PUNE-PP-04,0,40
PUNE-GSMPE-05,PUNE-PP-03,0.036,20
PUNE-GSMPE-05,PUNE-PP-04,0,20
PUNE-MCR-01,PUNE-PP-04,0.099,20
PUNE-MCR-02,PUNE-PP-03,0.319,20
PUNE-MCR-02,PUNE-PP-04,0.542,10
PUNE-PE-02,PUNE-PP-03,0.508111111,90
PUNE-PE-02,PUNE-PP-04,0.423666667,30
PUNE-PE-03,PUNE-PP-03,0.512,10
PUNE-PE-03,PUNE-PP-04,0.5562,50
PUNE-PE-06,PUNE-PP-03,0.022,10
PUNE-PE-06,PUNE-PP-04,0.012,10
PUNE-PE-07,PUNE-PP-03,0.23575,200
PUNE-PE-07,PUNE-PP-04,0.284,10
PUNE-PE-08,PUNE-PP-03,0.001,10
PUNE-PE-08,PUNE-PP-04,0,110
PUNE-PE-09,PUNE-PP-03,0.02,10
PUNE-PE-09,PUNE-PP-04,0.005,100
PUNE-PP-01,PUNE-PP-03,0.128166667,60
PUNE-PP-01,SOLAPUR-PP-02,0,2.5
PUNE-PP-03,PUNE-PP-04,0.090785714,140
PUNE-PP-03,PUNE-VRR-01,0,10
PUNE-PP-03,SOLAPUR-PP-02,0.228,20
PUNE-PP-04,SECUNDERABAD-PP-01,0.014,10
PUNE-PP-04,SOLAPUR-PP-02,0.6895,20
RAICHUR-PE-02,HUBLI-PP-01,0.128,10
RAICHUR-PE-02,KURNOOL-PP-01,0.227,10
RAICHUR-PE-02,SECUNDERABAD-PP-01,0.408,10
RAICHUR-PE-03,HUBLI-PP-01,0.19,20
RAICHUR-PE-03,KURNOOL-PP-01,0.013,10
RAICHUR-PE-03,SECUNDERABAD-PP-01,0.157,10
RAIPUR-GSMPE-01,NAGPUR-PP-03,0.0315,40
RAIPUR-GSMPE-01,RAIPUR-PP-02,0.242166667,60
RAIPUR-PE-02,NAGPUR-PP-04,0.174,10
RAIPUR-PE-02,RAIPUR-PP-02,0.103333333,30
RAIPUR-PE-03,NAGPUR-PP-03,0.1815,20
RAIPUR-PE-03,RAIPUR-PP-02,0.0963,200
RAIPUR-PP-02,SAMBALPUR-PP-02,0.022333333,30
RAJAMUNDRY-PE-02,HYDERABAD-PP-02,0.167,10
RAJAMUNDRY-PE-02,VIJAYAWADA-PP-02,0.051,20
RAJAMUNDRY-PE-03,HYDERABAD-PP-02,0.885,10
RAJAMUNDRY-PE-03,VIJAYAWADA-PP-02,0.806,10
RAJAMUNDRY-PE-03,VIZAG-PP-02,0.273,20
RAJKOT-PE-02,AHMEDABAD-PP-02,0.507,10
RAJKOT-PE-02,RAJKOT-PP-02,0.6865,20
RAJKOT-PE-03,RAJKOT-PP-02,0,20
RAJKOT-PE-04,AHMEDABAD-PP-02,0.911,10
RAJKOT-PE-04,RAJKOT-PP-02,0.1309,100
RAJKOT-PP-02,SURAT-PP-01,0.2725,20
RANCHI-PE-01,RANCHI-PP-02,0,20
RANCHI-PE-02,KOLKATA-PP-06,0.216,10
RANCHI-PE-02,RANCHI-PP-02,0.331666667,30
RANCHI-PE-03,PATNA-PP-02,0,10
RANCHI-PE-03,RANCHI-PP-02,0.0447,100
RANCHI-PE-04,PATNA-PP-02,0.261,10
RANCHI-PE-04,RANCHI-PP-02,0.02605,200
RANCHI-PP-02,SAMBALPUR-PP-02,0.056,20
RANCHI-PP-02,VARANASI-PP-02,0.198,20
RATNAGIRI-PE-01,MUMBAI-PP-06,0.668,10
RATNAGIRI-PE-01,MUMBAI-PP-07,0,10
RATNAGIRI-PE-01,PANJIM-PP-01,0.334,10
RATNAGIRI-PE-01,PUNE-PP-04,0.419,10
REWARI-PE-01,AMBALA-PP-01,0.018,10
REWARI-PE-01,JAIPUR-PP-02,0.05,10
REWARI-PE-02,GURGAON-PP-01,0.5605,20
REWARI-PE-02,JAIPUR-PP-02,0.854,10
REWARI-PE-02,NEWDELHI-PP-05,0.52,10
REWARI-PE-02,NEWDELHI-PP-06,0.331,10
ROHTAK-PE-01,CHANDIGARH-PP-04,0.647,10
ROHTAK-PE-01,NEWDELHI-PP-05,0.197,10
ROHTAK-PE-01,NEWDELHI-PP-06,0.578,20
ROHTAK-PE-02,AMBALA-PP-01,0.414,10
ROHTAK-PE-02,GURGAON-PP-01,0.544,10
ROHTAK-PE-02,NEWDELHI-PP-06,0.233666667,30
ROPAR-PE-01,CHANDIGARH-PP-03,0.43,30
ROPAR-PE-01,JALANDHAR-PP-02,0.613,20
SAGAR-PE-02,BHOPAL-PP-02,0.368,10
SAGAR-PE-02,JABALPUR-PP-02,0.164,10
SAGAR-PE-03,BHOPAL-PP-02,0.12,20
SAGAR-PE-03,INDORE-PP-02,0.008,10
SAGAR-PE-03,JABALPUR-PP-02,0.038,20
SALEM-PE-02,BANGALORE-PP-07,0.398,10
SALEM-PE-02,COIMBATORE-PP-02,0.139,10
SALEM-PE-02,TRICHY-PP-01,0.123,10
SALEM-PE-03,CHENNAI-PP-07,0.47,10
SALEM-PE-03,COIMBATORE-PP-02,0.693,10
SALEM-PE-03,MADURAI-PP-02,0.476,10
SALEM-PE-04,BANGALORE-PP-07,0,10
SALEM-PE-04,COIMBATORE-PP-02,0.3795,20
SALEM-PE-04,TRICHY-PP-01,0.5345,20
SAMBALPUR-PE-02,BHUBANESWAR-PP-02,0.093,10
SAMBALPUR-PE-02,KOLKATA-PP-06,0.346,10
SAMBALPUR-PE-02,SAMBALPUR-PP-02,0.192,10
SAMBALPUR-PE-03,BHUBANESWAR-PP-02,0,10
SAMBALPUR-PE-03,SAMBALPUR-PP-02,0.1422,100
SAMBALPUR-PP-02,VIZAG-PP-02,0.002,10
SANGAREDDY-PE-01,HYDERABAD-PP-02,0.543,10
SANGAREDDY-PE-01,SECUNDERABAD-PP-01,0,10
SANGLI-PE-01,PANJIM-PP-01,0.048,10
SANGLI-PE-01,PUNE-PP-03,0.629,10
SANGLI-PE-01,SOLAPUR-PP-02,0,10
SANGRUR-PE-02,BHATINDA-PP-01,0.44725,40
SANGRUR-PE-02,CHANDIGARH-PP-04,0.54225,40
SASARAM-PE-01,PATNA-PP-02,0.0875,20
SASARAM-PE-01,VARANASI-PP-02,0.003,20
SATARA-PE-01,PANJIM-PP-01,0.107,10
SATARA-PE-01,PUNE-PP-03,0.889,10
SATARA-PE-01,SOLAPUR-PP-02,0.387,10
SATARA-PE-02,PANJIM-PP-01,0.015,10
SATARA-PE-02,PUNE-PP-03,0.012,10
SATARA-PE-02,SOLAPUR-PP-02,0,10
SATNA-PE-01,BHOPAL-PP-02,0,10
SATNA-PE-02,JABALPUR-PP-02,0,10
SATNA-PE-03,BHOPAL-PP-02,0.214,20
SATNA-PE-03,JABALPUR-PP-02,0.029,20
SATNA-PE-03,LUCKNOW-PP-03,0.006,10
SATNA-PE-03,RAIPUR-PP-02,0,10
SECUNDERABAD-PE-01,HYDERABAD-PP-02,0.1145,20
SECUNDERABAD-PE-01,SECUNDERABAD-PP-01,0.1995,20
SECUNDERABAD-PP-01,VIJAYAWADA-PP-02,0.106,10
SHILLONG-PE-03,GUWAHATI-PP-02,0.452,10
SHILLONG-PP-01,SILIGURI-PP-02,0.103,10
SHIMLA-GSMPE-01,CHANDIGARH-PP-03,0.628,10
SHIMLA-GSMPE-01,SHIMLA-PP-01,0.623,10
SHIMLA-MCR-01,SHIMLA-PP-01,0,10
SHIMLA-PE-02,CHANDIGARH-PP-03,0.171,10
SHIMLA-PE-02,SHIMLA-PP-01,0.488,20
SHIMLA-PE-03,CHANDIGARH-PP-03,0,10
SHIMLA-PE-03,SHIMLA-PP-01,0.0657,100
SHIMOGA-PE-01,BANGALORE-PP-06,0.032,10
SHIMOGA-PE-01,HUBLI-PP-01,0.017,10
SHIMOGA-PE-02,BANGALORE-PP-07,0.643,10
SHIMOGA-PE-02,MANGALORE-PP-02,0.633,20
SILCHAR-PE-01,GUWAHATI-PP-02,0.32,10
SILCHAR-PE-01,KOLKATA-PP-06,0.212,10
SILCHAR-PE-03,GUWAHATI-PP-02,0.002,10
SILIGURI-PE-02,KOLKATA-PP-06,0.103,10
SILIGURI-PE-02,SILIGURI-PP-02,0.195666667,30
SILIGURI-PE-03,KOLKATA-PP-06,0.2385,20
SILIGURI-PE-03,SILIGURI-PP-02,0.27,30
SITAPUR-PE-01,LUCKNOW-PP-03,0.0755,20
SITAPUR-PE-01,LUCKNOW-PP-04,0.084,2.5
SOLAN-PE-01,CHANDIGARH-PP-03,0.003,10
SOLAN-PE-01,SHIMLA-PP-01,0.001,20
SOLAN-PE-02,CHANDIGARH-PP-03,0.541,20
SOLAN-PE-02,SHIMLA-PP-01,0.2315,20
SOLAPUR-PE-02,PUNE-PP-04,0.456,10
SOLAPUR-PE-02,SOLAPUR-PP-02,0.604,20
SOLAPUR-PE-03,PUNE-PP-04,0.089,20
SOLAPUR-PE-03,SOLAPUR-PP-02,0.2015,20
SRIGANGANAGAR-PE-01,BHATINDA-PP-01,0.338,10
SRIGANGANAGAR-PE-01,JAIPUR-PP-02,0.464,10
SRIGANGANAGAR-PE-01,JODHPUR-PP-02,0.148,5
SRINAGAR-PE-01,JALANDHAR-PP-02,0,10
SRINAGAR-PE-02,JALANDHAR-PP-02,0.002,10
SURAT-PE-02,AHMEDABAD-PP-02,0.336,10
SURAT-PE-02,DHULE-PP-01,0.238,10
SURAT-PE-02,SURAT-PP-01,0.8715,20
SURAT-PE-03,AHMEDABAD-PP-02,0,10
SURAT-PE-03,SURAT-PP-01,0.1319,100
TANJORE-PE-01,MADURAI-PP-02,0.272333333,30
TANJORE-PE-01,TRICHY-PP-01,0.6095,20
TANJORE-PE-02,MADURAI-PP-02,0.278,10
TANJORE-PE-02,TRICHY-PP-01,0.444,20
TEZPUR-PE-02,GUWAHATI-PP-02,0.133,10
TEZPUR-PE-02,SILIGURI-PP-02,0.144,10
TEZPUR-PE-03,GUWAHATI-PP-02,0.092,10
TEZPUR-PE-03,KOLKATA-PP-06,0.796,10
TEZPUR-PE-03,SILIGURI-PP-02,0.061,10
THANE-GSMPE-01,MUMBAI-PP-06,0,50
THANE-GSMPE-01,MUMBAI-PP-07,0,50
THANE-GSMPE-02,MUMBAI-PP-06,0,40
THANE-PE-01,MUMBAI-PP-06,0.058181818,110
THANE-PE-01,MUMBAI-PP-07,0.021545455,110
THIRUVALLA-PE-01,ERNAKULAM-PP-03,0.8995,20
THIRUVALLA-PE-01,TRIVANDRUM-PP-01,0.1555,20
THIRUVALLA-PE-02,ERNAKULAM-PP-03,0.6355,20
THIRUVALLA-PE-02,TRIVANDRUM-PP-01,0.0765,20
TIRUNELVELI-PE-02,ERNAKULAM-PP-03,0.23,10
TIRUNELVELI-PE-02,MADURAI-PP-02,0.578333333,30
TIRUNELVELI-PE-02,TRIVANDRUM-PP-01,0.289,10
TIRUNELVELI-PE-03,ERNAKULAM-PP-03,0.333,10
TIRUNELVELI-PE-03,MADURAI-PP-02,0.4085,20
TIRUNELVELI-PE-03,TRIVANDRUM-PP-01,0.352,10
TIRUPATI-PE-02,BANGALORE-PP-07,0.154,10
TIRUPATI-PE-02,CHENNAI-PP-06,0.4875,20
TIRUPATI-PE-02,CHENNAI-PP-07,0.234,10
TIRUPATI-PE-03,BANGALORE-PP-06,0.368,10
TIRUPATI-PE-03,CHENNAI-PP-06,0.348,10
TIRUPATI-PE-03,CHENNAI-PP-07,0.5455,20
TRICHUR-PE-02,COIMBATORE-PP-02,0.16,20
TRICHUR-PE-02,ERNAKULAM-PP-03,0.367333333,30
TRICHUR-PE-03,CALICUT-PP-02,0.679666667,30
TRICHUR-PE-03,ERNAKULAM-PP-03,0.5265,40
TRICHY-GSMPE-01,MADURAI-PP-02,0.112,20
TRICHY-GSMPE-01,TRICHY-PP-01,0.020545455,110
TRICHY-GSMPE-02,MADURAI-PP-02,0,20
TRICHY-GSMPE-02,TRICHY-PP-01,0.099,10
TRICHY-MCR-01,CHENNAI-PP-06,0.004,10
TRICHY-MCR-01,TRICHY-PP-01,0.0015,20
TRICHY-PE-01,TRICHY-PP-01,0,10
TRICHY-PE-02,CHENNAI-PP-07,0.038,10
TRICHY-PE-02,TRICHY-PP-01,0.147,20
TRICHY-PE-03,MADURAI-PP-02,0.478,10
TRICHY-PE-03,TRICHY-PP-01,0.5925,20
TRICHY-PE-04,MADURAI-PP-02,0.036,20
TRICHY-PE-04,TRICHY-PP-01,0.2823,100
TRIVANDRUM-PE-02,COIMBATORE-PP-02,0.163,10
TRIVANDRUM-PE-02,ERNAKULAM-PP-03,0.41,20
TRIVANDRUM-PE-02,TRIVANDRUM-PP-01,0.536333333,30
TRIVANDRUM-PE-03,CHENNAI-PP-07,0.039,10
TRIVANDRUM-PE-03,TRIVANDRUM-PP-01,0.075333333,30
TRIVANDRUM-PE-04,ERNAKULAM-PP-03,0.58,20
TRIVANDRUM-PE-04,TRIVANDRUM-PP-01,0.273416667,120
TRIVANDRUM-PE-05,ERNAKULAM-PP-03,0.804,10
TRIVANDRUM-PE-05,TRIVANDRUM-PP-01,0.1208,100
TUMKUR-PE-01,BANGALORE-PP-07,0.3205,20
TUMKUR-PE-01,HUBLI-PP-01,0,10
TUTICORIN-PE-01,MADURAI-PP-02,0.6375,20
TUTICORIN-PE-01,TRIVANDRUM-PP-01,0.4235,20
UDAIPUR-PE-02,JAIPUR-PP-02,0.005,10
UDAIPUR-PE-02,UDAIPUR-PP-01,0.291666667,30
UDAIPUR-PE-03,JAIPUR-PP-02,0.4805,20
UDAIPUR-PE-03,UDAIPUR-PP-01,0.18425,40
UDUPI-PE-01,MANGALORE-PP-02,0.079,10
UJJAIN-PE-02,BHOPAL-PP-02,0.11,20
UJJAIN-PE-02,INDORE-PP-02,0.0885,40
VADODARA-MCR-01,AHMEDABAD-PP-02,0.353,10
VADODARA-MCR-01,INDORE-PP-02,0.341,10
VADODARA-MCR-01,SURAT-PP-01,0.419,10
VADODARA-PE-02,AHMEDABAD-PP-02,0.23,10
VADODARA-PE-02,INDORE-PP-02,0.005,10
VADODARA-PE-02,SURAT-PP-01,0.228,10
VADODARA-PE-03,AHMEDABAD-PP-02,0,10
VADODARA-PE-03,SURAT-PP-01,0.084,10
VADODARA-PE-04,AHMEDABAD-PP-02,0.251333333,30
VADODARA-PE-04,INDORE-PP-02,0.004,20
VADODARA-PE-04,SURAT-PP-01,0.072666667,30
VALSAD-PE-01,MUMBAI-PP-06,0.111,10
VALSAD-PE-01,MUMBAI-PP-07,0.634,10
VALSAD-PE-01,SURAT-PP-01,0.758,30
VARANASI-PE-02,LUCKNOW-PP-04,0.015,10
VARANASI-PE-02,VARANASI-PP-02,0.5625,20
VARANASI-PE-03,VARANASI-PP-02,0.0125,20
VARANASI-PE-04,LUCKNOW-PP-03,0.56,10
VARANASI-PE-04,VARANASI-PP-02,0.1005,220
VELLORE-PE-02,BANGALORE-PP-06,0.032,10
VELLORE-PE-02,CHENNAI-PP-06,0.36,10
VELLORE-PE-02,CHENNAI-PP-07,0.151,10
VELLORE-PE-03,BANGALORE-PP-06,0.663,10
VELLORE-PE-03,CHENNAI-PP-07,0.886,10
VELLORE-PE-03,COIMBATORE-PP-02,0.541,10
VELLORE-PE-04,CHENNAI-PP-06,0.303,20
VELLORE-PE-04,CHENNAI-PP-07,0.246,10
VELLORE-PE-04,COIMBATORE-PP-02,0,10
VIJAYAWADA-GSMPE-01,SECUNDERABAD-PP-01,0.0148,50
VIJAYAWADA-GSMPE-02,HYDERABAD-PP-02,0.2984,50
VIJAYAWADA-PE-03,VIJAYAWADA-PP-02,0.5284,50
VIJAYAWADA-PE-04,HYDERABAD-PP-02,0,10
VIJAYAWADA-PE-04,SECUNDERABAD-PP-01,0.363,10
VIJAYAWADA-PE-04,VIJAYAWADA-PP-02,0.242583333,120
VIJAYAWADA-PP-02,VIZAG-PP-02,0.051,10
VIJAYWADA-GSMPE-01,VIJAYAWADA-PP-02,0.3799,100
VIJAYWADA-GSMPE-02,VIJAYAWADA-PP-02,0.0492,100
VIRUDHUNAGAR-PE-01,COIMBATORE-PP-02,0.293,10
VIRUDHUNAGAR-PE-01,MADURAI-PP-02,0.461,20
VIRUDHUNAGAR-PE-01,TRIVANDRUM-PP-01,0.186,10
VIZAG-PE-02,VIJAYAWADA-PP-02,0.058,10
VIZAG-PE-02,VIZAG-PP-02,0.456166667,60
VIZAG-PE-03,VIJAYAWADA-PP-02,0.5695,20
VIZAG-PE-03,VIZAG-PP-02,0.201,100
VIZAG-PE-04,VIJAYAWADA-PP-02,0,10
VIZAG-PE-04,VIZAG-PP-02,0,100
WARANGAL-PE-03,HYDERABAD-PP-02,0.474,10
WARANGAL-PE-03,SECUNDERABAD-PP-01,0.043,10
WARANGAL-PE-03,VIJAYAWADA-PP-02,0.3105,20
,,,
,,,
,,,
,,,
,,,
,,,
,,,
,,,
,,,
,,,
,,,
,,,
,,,
,,,
,,,
,,,
,,,
,,,
,,,
,,,
,,,
,,,
,,,
,,,
,,,
,,,
,,,
,,,
,,,
,,,
,,,
,,,
,,,
,,,
,,,
,,,
,,,
,,,
,,,
,,,
,,,
,,,
,,,
,,,
,,,
,,,
,,,
,,,
,,,
,,,
,,,
,,,
,,,
,,,
,,,
,,,
,,,
,,,
,,,
,,,
,,,
,,,
,,,
,,,
,,,
,,,
,,,
,,,
,,,
,,,
,,,
,,,
,,,
,,,
,,,
,,,
,,,
,,,
,,,
,,,
,,,
,,,
,,,
,,,
,,,
,,,
,,,
,,,
,,,
,,,
,,,
,,,
,,,
,,,
,,,
,,,
,,,
,,,
,,,
,,,
,,,
,,,
,,,
,,,
,,,
,,,
,,,
,,,
,,,
,,,
,,,
,,,
,,,
,,,
,,,
,,,
,,,
,,,
,,,
,,,
,,,
,,,
,,,
,,,
,,,
,,,
,,,
,,,
,,,
,,,
,,,
,,,
,,,
,,,
,,,
,,,
,,,
,,,
,,,
,,,
,,,
,,,
,,,
,,,
,,,
,,,
,,,
,,,
,,,
,,,
,,,
,,,
,,,
,,,
,,,
,,,
,,,
,,,
,,,
,,,
,,,
,,,
,,,
,,,
,,,
,,,
,,,
,,,
,,,
,,,
,,,
,,,
,,,
,,,
,,,
,,,
,,,
,,,
,,,
,,,
,,,
,,,
,,,
,,,
,,,
,,,
,,,
,,,
,,,
,,,
,,,
,,,
,,,
,,,
,,,
,,,
,,,
,,,
,,,
,,,
,,,
,,,
,,,
,,,
,,,
,,,
,,,
,,,
,,,
,,,
,,,
,,,
,,,
,,,
,,,
,,,
,,,
,,,
,,,
,,,
,,,
,,,
,,,
,,,
,,,
,,,
,,,
,,,
,,,
,,,
,,,
,,,
,,,
,,,
,,,
,,,
,,,
,,,
,,,
,,,
,,,
,,,
,,,
,,,
,,,
,,,
,,,
,,,
,,,
,,,
,,,
,,,
,,,
,,,
,,,
,,,
,,,
,,,
,,,
,,,
,,,
,,,
,,,
,,,
,,,
,,,
,,,
,,,
,,,
,,,
,,,
,,,
,,,
,,,
,,,
,,,
,,,
,,,
,,,
,,,
,,,
,,,
,,,
,,,
,,,
,,,
,,,
,,,
,,,
,,,
,,,
,,,
,,,
,,,
,,,
,,,
,,,
,,,
,,,
,,,
,,,
,,,
,,,
,,,
,,,
,,,
,,,
,,,
,,,
,,,
,,,
,,,
,,,
,,,
,,,
,,,
,,,
,,,
,,,
,,,
,,,
,,,
,,,
,,,
,,,
,,,
,,,
,,,
,,,
,,,
,,,
,,,
,,,
,,,
,,,
,,,
,,,
,,,
,,,
,,,
,,,
,,,
,,,
,,,
,,,
,,,
,,,
,,,
,,,
,to,,
